Edad de la madre,Total,1,2,3,4,5,6,7,8,9,10 y m√°s,Ignorado,Anio
Todas las edades,351628,122837,77234,50485,31196,21763,15917,11308,7980,5300,7608,0,09
10,12,12,0,0,0,0,0,0,0,0,0,0,09
11,30,30,0,0,0,0,0,0,0,0,0,0,09
12,93,93,0,0,0,0,0,0,0,0,0,0,09
13,450,449,1,0,0,0,0,0,0,0,0,0,09
14,1849,1767,79,3,0,0,0,0,0,0,0,0,09
15,5054,4763,277,13,1,0,0,0,0,0,0,0,09
16,9382,8472,846,56,8,0,0,0,0,0,0,0,09
17,13246,11205,1889,141,11,0,0,0,0,0,0,0,09
18,14038,10667,2962,374,30,4,1,0,0,0,0,0,09
19,19346,12870,5266,1042,134,16,8,7,3,0,0,0,09
20,20492,11594,6495,2047,295,43,8,6,2,1,1,0,09
21,21076,10150,7145,2952,690,113,17,4,4,0,1,0,09
22,20030,8091,6831,3608,1232,209,44,9,2,4,0,0,09
23,19375,6633,6421,4051,1713,459,75,14,5,2,2,0,09
24,19013,5522,5811,4352,2288,796,195,38,10,1,0,0,09
25,18017,4406,5223,4286,2486,1143,387,65,9,4,8,0,09
26,17336,3663,4561,4021,2729,1577,597,154,23,7,4,0,09
27,16356,3030,3935,3718,2640,1837,838,267,66,18,7,0,09
28,15078,2448,3299,3196,2609,1886,1100,393,104,34,9,0,09
29,14027,2040,2822,2849,2289,1974,1236,557,183,55,22,0,09
30,13039,1673,2311,2509,2129,1800,1377,796,328,85,31,0,09
31,11952,1341,1885,2152,1843,1683,1438,918,468,155,69,0,09
32,11076,1094,1587,1843,1558,1543,1440,1063,588,245,115,0,09
33,9422,871,1225,1391,1230,1306,1263,1010,631,306,189,0,09
34,8474,740,985,1179,1012,1099,1065,1026,705,371,292,0,09
35,7467,621,810,937,862,829,966,891,702,480,369,0,09
36,6998,513,610,759,753,763,868,903,765,520,544,0,09
37,5969,392,445,576,584,595,736,672,705,568,696,0,09
38,5110,322,358,437,437,463,572,617,612,534,758,0,09
39,4204,234,243,324,321,360,451,501,510,461,799,0,09
40,3413,182,199,228,223,266,316,352,416,421,810,0,09
41,2759,148,131,184,180,223,217,282,340,324,730,0,09
42,2029,110,82,101,111,141,150,205,251,199,679,0,09
43,1364,66,55,55,83,89,117,126,155,144,474,0,09
44,850,43,26,43,40,54,54,70,92,98,330,0,09
45,545,28,15,26,33,40,45,45,54,57,202,0,09
46,341,32,7,17,18,21,21,34,42,41,108,0,09
47,191,22,13,5,12,7,19,20,17,15,61,0,09
48,158,11,9,6,8,11,9,13,20,22,49,0,09
49,83,14,3,1,6,5,9,7,7,10,21,0,09
50,78,3,6,7,9,6,4,7,2,6,28,0,09
51,72,8,2,5,10,5,4,10,7,3,18,0,09
52,41,3,1,1,3,4,4,2,3,3,17,0,09
53,43,7,2,1,2,4,6,5,6,1,9,0,09
54,40,3,3,3,1,4,2,4,6,4,10,0,09
55,38,3,0,1,1,5,5,6,8,2,7,0,09
56,19,0,2,1,0,0,1,3,1,1,10,0,09
57,13,1,2,1,1,0,1,1,0,2,4,0,09
58,13,2,1,0,2,0,1,2,0,1,4,0,09
59,7,1,1,1,0,1,0,1,0,1,1,0,09
Ignorado,11520,6444,2352,982,569,379,250,202,128,94,120,0,09
Todas las edades,361906,124533,82509,51750,31820,21397,15720,10923,7648,5043,6951,3612,10
10,11,5,0,0,0,0,0,0,0,0,0,6,10
11,34,30,1,0,0,0,0,0,0,0,0,3,10
12,104,93,4,0,0,0,0,0,0,0,0,7,10
13,449,405,38,0,0,0,0,0,0,0,0,6,10
14,2073,1904,127,0,0,0,0,0,0,0,0,42,10
15,5717,5152,466,21,0,0,0,0,0,0,0,78,10
16,10596,9320,1089,70,5,0,0,0,0,0,0,112,10
17,15306,12552,2360,187,21,1,0,0,0,0,0,185,10
18,16771,12197,3770,541,49,10,0,0,0,0,0,204,10
19,21433,13573,6202,1257,156,24,5,3,0,0,0,213,10
20,22194,12433,7082,2060,347,43,11,7,0,0,0,211,10
21,21763,10430,7447,2837,675,131,17,7,0,0,0,219,10
22,21945,8834,7608,3720,1231,276,42,7,4,0,0,223,10
23,20416,6897,6958,4083,1690,464,99,21,4,0,0,200,10
24,19620,5527,6322,4394,2191,777,191,44,7,5,0,162,10
25,19009,4634,5589,4459,2571,1148,329,85,14,8,6,166,10
26,17841,3772,4887,4047,2717,1444,595,177,35,12,4,151,10
27,16949,3216,4114,3788,2801,1682,845,269,64,18,1,151,10
28,15635,2565,3515,3415,2636,1787,1056,411,93,29,6,122,10
29,14632,2189,2990,3028,2366,1831,1246,559,201,45,20,157,10
30,13829,1814,2510,2625,2292,1834,1412,769,296,89,43,145,10
31,12649,1453,2029,2418,1945,1707,1449,882,437,150,51,128,10
32,11265,1110,1634,1896,1692,1540,1396,978,551,259,117,92,10
33,10312,977,1396,1569,1389,1317,1300,1050,664,352,204,94,10
34,8844,775,1034,1253,1097,1126,1156,999,676,393,252,83,10
35,7733,554,831,1018,950,959,953,893,671,469,356,79,10
36,6943,498,692,808,728,803,891,718,754,484,511,56,10
37,6213,371,506,680,633,673,736,763,671,507,617,56,10
38,5246,322,365,473,475,545,564,629,642,476,717,38,10
39,4282,235,279,371,344,370,443,476,499,454,785,26,10
40,3453,189,206,245,280,312,309,383,391,359,725,54,10
41,2655,143,158,148,207,198,203,267,293,316,699,23,10
42,1979,85,80,106,114,128,160,184,268,220,612,22,10
43,1282,59,53,56,74,96,112,113,158,131,420,10,10
44,843,43,29,36,31,53,66,77,90,104,307,7,10
45,517,28,19,34,24,30,32,46,39,65,187,13,10
46,309,24,16,18,19,18,22,31,35,28,96,2,10
47,183,11,11,14,11,13,12,16,13,19,57,6,10
48,136,14,8,13,5,13,15,14,12,10,30,2,10
49,104,12,6,6,6,10,7,15,12,6,23,1,10
50,78,8,7,5,9,3,7,9,10,7,12,1,10
51,63,4,0,6,2,4,10,7,7,3,20,0,10
52,54,4,6,2,3,8,6,1,7,8,9,0,10
53,40,2,0,3,6,4,3,2,3,4,12,1,10
54,35,2,2,1,2,1,5,2,3,4,13,0,10
55,25,2,1,0,1,0,1,2,6,4,7,1,10
56,25,0,1,1,2,0,1,2,5,1,10,2,10
57,12,0,3,1,2,1,1,0,1,0,3,0,10
58,11,0,0,0,0,0,1,0,4,2,4,0,10
59,5,0,0,0,1,1,0,0,0,0,3,0,10
Ignorado,283,66,58,37,20,12,11,5,8,2,12,52,10
Todas las edades,373692,128890,88552,54535,32165,21273,15250,10793,7499,4708,6600,3427,11
10,6,4,0,0,0,0,0,0,0,0,0,2,11
11,31,24,5,0,0,0,0,0,0,0,0,2,11
12,109,91,13,0,0,0,0,0,0,0,0,5,11
13,466,401,46,0,0,0,0,0,0,0,0,19,11
14,2229,1974,217,0,0,0,0,0,0,0,0,38,11
15,5983,5241,621,44,0,0,0,0,0,0,0,77,11
16,11964,10075,1607,128,13,0,0,0,0,0,0,141,11
17,17133,13628,2946,318,35,7,0,0,0,0,0,199,11
18,18422,13241,4194,650,72,20,0,0,0,0,0,245,11
19,21673,13831,6132,1294,182,26,7,5,0,0,0,196,11
20,21995,12126,7218,2029,336,46,15,7,0,0,0,218,11
21,23034,10957,8073,3047,629,121,17,13,0,0,0,177,11
22,22345,8878,7933,3874,1167,225,32,14,4,0,0,218,11
23,21631,7272,7634,4335,1669,430,71,13,7,7,0,193,11
24,19944,5646,6586,4395,2140,775,178,41,9,2,0,172,11
25,19147,4629,5942,4385,2525,1097,319,71,15,1,5,158,11
26,18327,3866,5204,4344,2688,1377,512,141,23,3,6,163,11
27,17186,3194,4368,4015,2772,1649,750,224,57,17,10,130,11
28,16345,2684,3857,3666,2623,1845,1009,383,114,27,7,130,11
29,14909,2174,3194,3268,2482,1791,1146,513,167,48,17,109,11
30,13723,1870,2609,2835,2169,1722,1289,704,300,80,40,105,11
31,12866,1552,2248,2411,2007,1730,1358,866,423,126,58,87,11
32,11698,1230,1831,2117,1746,1559,1341,948,503,216,93,114,11
33,10314,933,1428,1722,1505,1369,1241,974,610,275,186,71,11
34,9449,782,1094,1450,1302,1252,1165,1016,676,399,243,70,11
35,8042,594,942,1029,1025,1021,1034,855,673,443,370,56,11
36,7047,503,722,920,776,762,849,843,699,463,448,62,11
37,5947,333,509,664,644,646,737,716,634,466,560,38,11
38,5396,310,442,499,495,511,565,721,616,477,713,47,11
39,4460,230,299,351,392,423,494,502,574,412,747,36,11
40,3453,180,198,279,279,303,334,387,405,358,703,27,11
41,2697,125,146,170,177,194,266,302,333,313,646,25,11
42,1860,69,87,107,106,134,180,195,227,209,532,14,11
43,1346,60,52,60,71,84,127,135,175,134,439,9,11
44,864,36,46,28,40,51,73,76,109,92,308,5,11
45,497,34,25,13,22,24,41,47,43,44,203,1,11
46,296,18,14,17,13,14,29,19,32,34,106,0,11
47,176,12,5,10,12,9,19,15,15,20,57,2,11
48,97,10,10,10,12,7,8,5,11,7,15,2,11
49,110,9,7,9,10,8,12,9,13,10,23,0,11
50,66,7,5,4,2,10,7,4,7,5,13,2,11
51,59,3,3,7,3,11,3,10,6,4,9,0,11
52,53,4,2,3,2,5,5,7,3,4,15,3,11
53,35,3,2,3,4,4,4,3,5,1,5,1,11
54,22,2,1,1,0,2,2,1,1,4,7,1,11
55,21,1,1,1,3,2,4,3,1,2,3,0,11
56,10,4,2,0,0,0,0,1,1,0,2,0,11
57,12,0,1,2,0,0,1,1,2,0,5,0,11
58,8,0,1,0,3,1,1,0,1,1,0,0,11
59,4,0,0,0,0,0,1,0,1,0,2,0,11
Ignorado,185,40,30,21,12,6,4,3,4,4,4,57,11
Todas las edades,388613,134777,93168,58093,33015,21471,15021,10570,7470,4518,6122,4388,12
10,5,5,0,0,0,0,0,0,0,0,0,0,12
11,31,27,0,0,0,0,0,0,0,0,0,4,12
12,110,96,13,0,0,0,0,0,0,0,0,1,12
13,490,411,63,0,0,0,0,0,0,0,0,16,12
14,2378,2035,298,34,0,0,0,0,0,0,0,11,12
15,6821,5823,910,66,0,0,0,0,0,0,0,22,12
16,13125,10515,2143,234,26,0,0,0,0,0,0,207,12
17,18832,14210,3794,514,55,10,0,0,0,0,0,249,12
18,19672,14048,4390,812,114,12,0,0,0,0,0,296,12
19,23211,14700,6400,1545,244,29,0,0,0,0,0,293,12
20,23342,12791,7514,2276,422,39,10,1,0,0,0,289,12
21,23468,11179,7900,3236,727,127,21,5,0,0,0,273,12
22,23458,9439,8339,3964,1190,227,44,15,3,0,0,237,12
23,21955,7492,7547,4436,1664,460,89,23,5,2,0,237,12
24,21261,6005,7098,4802,2154,737,181,29,10,1,0,244,12
25,19712,4852,6099,4601,2500,1067,309,65,18,5,4,192,12
26,18482,3822,5308,4487,2639,1306,522,154,35,5,4,200,12
27,17547,3194,4727,4160,2679,1559,722,236,71,17,4,178,12
28,16244,2691,3908,3762,2595,1673,927,348,124,29,20,167,12
29,15545,2213,3312,3482,2478,1896,1176,555,180,56,23,174,12
30,14372,1855,2805,3117,2397,1794,1191,664,263,99,28,159,12
31,13259,1580,2334,2644,2126,1706,1328,806,417,126,49,143,12
32,12058,1245,1875,2301,1901,1636,1293,885,488,218,106,110,12
33,10721,1016,1578,1754,1524,1430,1260,977,610,297,159,116,12
34,9572,848,1249,1455,1302,1268,1125,1014,649,321,239,102,12
35,8475,636,937,1185,1054,1077,1055,931,742,427,354,77,12
36,7063,524,707,897,847,850,857,814,663,412,423,69,12
37,6031,366,531,717,656,698,702,701,656,450,503,51,12
38,5201,314,435,499,541,560,589,572,572,450,610,59,12
39,4498,266,325,368,388,411,495,545,531,422,698,49,12
40,3561,182,196,279,273,310,398,401,442,335,713,32,12
41,2708,101,170,169,199,222,238,303,339,296,645,26,12
42,1937,76,98,125,131,152,182,204,236,198,519,16,12
43,1232,56,43,60,60,77,121,132,186,109,375,13,12
44,787,38,34,45,52,47,64,70,82,107,237,11,12
45,494,23,25,19,25,30,38,47,52,49,180,6,12
46,256,21,10,16,11,18,26,21,27,31,73,2,12
47,150,14,11,4,12,4,12,16,26,9,42,0,12
48,101,7,7,4,3,6,15,8,8,16,25,2,12
49,83,8,7,5,4,6,10,5,6,11,20,1,12
50,62,5,3,5,2,5,6,7,8,5,16,0,12
51,48,6,3,2,7,3,5,4,4,5,8,1,12
52,31,3,2,0,3,4,4,0,6,0,9,0,12
53,22,6,3,1,0,1,1,2,3,0,5,0,12
54,26,2,2,1,0,2,0,2,3,3,10,1,12
55,17,2,2,0,2,2,2,1,0,1,5,0,12
56,12,2,1,0,0,0,0,0,2,2,4,1,12
57,10,1,0,1,1,0,0,1,1,1,4,0,12
58,12,0,0,0,0,4,1,2,0,1,3,1,12
59,3,0,0,0,0,1,0,1,1,0,0,0,12
Ignorado,122,26,12,9,7,5,2,3,1,2,5,50,12
Todas las edades,387342,137574,94340,58315,32273,20421,14126,9712,6645,4051,5344,4541,13
10,3,3,0,0,0,0,0,0,0,0,0,0,13
11,6,6,0,0,0,0,0,0,0,0,0,0,13
12,57,55,0,0,0,0,0,0,0,0,0,2,13
13,297,280,7,0,0,0,0,0,0,0,0,10,13
14,1551,1450,53,4,0,0,0,0,0,0,0,44,13
15,4834,4550,176,9,3,0,0,0,0,0,0,96,13
16,10091,9166,697,42,1,1,0,0,0,0,0,184,13
17,15448,13126,1874,140,4,2,2,0,0,0,0,300,13
18,18867,14436,3681,343,33,2,3,2,0,0,0,367,13
19,23077,15524,6094,957,82,4,4,3,0,0,0,409,13
20,23559,13684,7503,1787,208,33,4,1,1,0,0,338,13
21,23620,11643,8310,2836,436,54,7,2,1,0,0,331,13
22,23016,9630,8361,3735,855,121,26,4,2,0,0,282,13
23,22745,8016,8269,4611,1297,265,39,3,2,0,0,243,13
24,21425,6659,7540,4596,1832,459,100,14,1,0,0,224,13
25,20394,5350,6789,4789,2286,804,145,33,14,1,0,183,13
26,18655,4331,5852,4533,2371,999,315,61,11,3,1,178,13
27,17754,3697,4991,4320,2604,1370,463,132,25,2,2,148,13
28,16644,2921,4271,4051,2628,1604,737,234,47,15,3,133,13
29,15605,2461,3694,3644,2545,1703,951,344,92,21,13,137,13
30,14495,2020,3242,3238,2330,1764,1035,524,175,50,14,103,13
31,13554,1804,2699,2762,2203,1741,1217,658,265,64,22,119,13
32,12168,1385,2235,2407,1997,1574,1170,795,337,120,57,91,13
33,11242,1165,1847,2051,1789,1412,1252,886,439,219,90,92,13
34,10248,910,1509,1788,1521,1299,1267,892,575,268,142,77,13
35,9144,777,1178,1467,1305,1173,1076,889,646,321,240,72,13
36,7936,606,965,1142,1011,973,958,829,666,393,332,61,13
37,6754,493,806,876,782,779,788,746,642,425,376,41,13
38,5697,372,532,696,636,617,692,667,578,386,484,37,13
39,4740,299,389,505,497,517,505,538,519,388,548,35,13
40,3788,230,277,353,329,359,465,395,431,337,592,20,13
41,3288,159,202,260,265,289,342,366,411,348,619,27,13
42,2374,118,104,156,160,199,217,268,282,271,580,19,13
43,1597,73,79,72,112,132,135,184,201,176,422,11,13
44,1058,46,43,56,76,67,101,114,120,99,320,16,13
45,553,33,19,32,19,33,46,47,56,47,214,7,13
46,333,20,5,17,16,26,22,25,38,39,121,4,13
47,178,14,6,8,10,8,8,16,28,21,58,1,13
48,121,12,5,7,8,11,11,14,15,8,29,1,13
49,69,4,4,3,5,9,8,4,5,8,19,0,13
50,47,4,5,3,4,2,5,3,2,7,11,1,13
51,37,2,3,3,3,4,3,3,2,4,10,0,13
52,35,2,3,3,3,2,1,4,6,5,5,1,13
53,25,4,0,0,1,1,1,3,4,3,7,1,13
54,19,0,2,0,1,5,0,4,2,1,4,0,13
55,12,1,2,2,1,0,2,0,1,0,2,1,13
56,7,1,0,0,1,0,1,2,0,0,2,0,13
57,7,2,2,0,1,1,0,0,1,0,0,0,13
58,5,0,0,1,0,0,0,1,1,0,2,0,13
59,5,0,1,1,0,1,0,0,0,0,2,0,13
Ignorado,158,30,14,9,2,2,2,2,1,1,1,94,13
Todas las edades,386195,135437,95961,60110,33113,19928,13821,9414,6373,3905,4963,3170,14
10,3,3,0,0,0,0,0,0,0,0,0,0,14
11,13,12,0,0,0,0,0,0,0,0,0,1,14
12,46,44,0,0,0,0,0,0,0,0,0,2,14
13,317,303,7,0,0,0,0,0,0,0,0,7,14
14,1864,1807,35,0,0,0,0,0,0,0,0,22,14
15,5437,5131,233,13,0,0,0,0,0,0,0,60,14
16,11002,10049,825,34,3,0,0,0,0,0,0,91,14
17,16288,13744,2252,138,10,1,0,0,0,0,0,143,14
18,18762,14186,3986,389,45,4,3,0,0,0,0,149,14
19,23486,15340,6697,1154,87,9,2,1,0,0,0,196,14
20,23969,13392,8029,2081,231,23,5,6,0,0,0,202,14
21,23807,11206,8616,3208,517,54,3,2,0,0,0,201,14
22,23183,9230,8712,3945,966,141,17,9,0,0,0,163,14
23,22402,7596,8216,4590,1507,284,29,10,0,0,0,170,14
24,21675,6230,7628,5016,2030,487,99,18,0,0,0,167,14
25,19978,4950,6652,4951,2256,813,182,29,6,0,0,139,14
26,18830,4061,5857,4731,2499,1129,324,70,14,0,0,145,14
27,17463,3292,4990,4449,2621,1286,547,117,24,3,0,134,14
28,16322,2807,4239,3972,2659,1511,728,215,53,12,0,126,14
29,15560,2338,3654,3735,2676,1654,867,369,104,21,12,130,14
30,14170,1981,3102,3259,2350,1576,1033,549,170,52,17,81,14
31,13523,1620,2603,2885,2268,1722,1205,680,320,88,30,102,14
32,12079,1280,2141,2535,1966,1504,1232,761,387,135,57,81,14
33,10988,1108,1771,2076,1711,1424,1183,869,439,203,93,111,14
34,9963,919,1404,1704,1486,1312,1178,863,579,250,186,82,14
35,8757,700,1189,1374,1229,1166,1029,806,609,340,227,88,14
36,7828,557,858,1133,1064,1001,967,814,619,396,349,70,14
37,6856,436,694,850,894,810,802,798,655,427,448,42,14
38,5407,331,510,585,604,600,679,656,547,410,450,35,14
39,4321,223,335,438,474,451,494,493,498,373,507,35,14
40,3595,182,268,326,363,332,379,421,423,317,550,34,14
41,2821,123,181,217,236,240,321,287,320,309,566,21,14
42,2092,79,112,142,155,164,206,260,225,219,517,13,14
43,1399,53,74,80,90,108,145,137,163,158,381,10,14
44,820,27,30,44,41,60,74,93,103,80,260,8,14
45,461,26,22,17,32,26,37,37,46,59,151,8,14
46,229,12,7,18,15,13,23,15,32,21,71,2,14
47,110,5,10,9,9,7,9,7,14,8,31,1,14
48,76,7,6,2,1,2,9,9,13,9,18,0,14
49,44,6,2,2,4,5,2,5,3,4,10,1,14
50,34,4,3,1,2,3,2,3,3,5,8,0,14
51,19,4,1,1,1,1,2,2,0,4,3,0,14
52,12,1,1,0,0,0,1,1,2,0,6,0,14
53,13,1,0,2,4,0,1,1,1,0,3,0,14
54,11,2,1,0,1,1,1,0,1,1,3,0,14
55,9,1,0,0,1,2,0,1,0,0,4,0,14
56,8,1,0,2,1,1,1,0,0,0,2,0,14
57,1,0,0,0,0,0,0,0,0,1,0,0,14
58,2,1,0,0,0,0,0,0,0,0,1,0,14
59,1,0,1,0,0,0,0,0,0,0,0,0,14
Ignorado,139,26,7,2,4,1,0,0,0,0,2,97,14
Todas las edades,391425,136332,100118,62128,33343,20339,13229,8878,6082,3647,4513,2816,15
10,1,1,0,0,0,0,0,0,0,0,0,0,15
11,8,8,0,0,0,0,0,0,0,0,0,0,15
12,64,64,0,0,0,0,0,0,0,0,0,0,15
13,262,261,1,0,0,0,0,0,0,0,0,0,15
14,1521,1478,29,0,0,0,0,0,0,0,0,14,15
15,5091,4836,198,5,0,0,0,0,0,0,0,52,15
16,10370,9443,792,40,0,0,0,0,0,0,0,95,15
17,15637,13232,2151,119,0,0,0,0,0,0,0,135,15
18,18762,14176,4008,385,32,0,0,0,0,0,0,161,15
19,23045,15058,6569,1095,79,0,0,0,0,0,0,244,15
20,24797,13879,8366,2083,246,20,0,0,0,0,0,203,15
21,24662,11630,9017,3231,539,52,0,0,0,0,0,193,15
22,24276,9711,9163,4120,952,129,6,0,0,0,0,195,15
23,22507,7543,8383,4618,1498,280,42,3,0,0,0,140,15
24,21718,6161,7875,4958,1962,517,86,12,0,0,0,147,15
25,20939,5185,7126,5084,2442,779,155,32,3,0,0,133,15
26,19451,4254,6136,4885,2578,1079,297,58,20,0,0,144,15
27,18549,3559,5370,4720,2774,1347,488,126,26,0,0,139,15
28,16619,2803,4570,4209,2536,1470,675,196,49,12,0,99,15
29,15566,2436,3844,3742,2512,1638,899,298,91,14,4,88,15
30,14621,2022,3352,3397,2393,1642,1037,463,170,41,11,93,15
31,13507,1719,2790,3026,2189,1641,1095,613,246,86,28,74,15
32,12466,1428,2326,2603,2007,1662,1106,686,394,140,41,73,15
33,11139,1147,1831,2210,1806,1487,1141,760,418,193,81,65,15
34,10025,977,1566,1790,1511,1294,1117,815,522,247,130,56,15
35,9031,784,1242,1506,1290,1213,1006,839,562,285,246,58,15
36,7955,628,1016,1172,1116,1051,921,795,563,349,304,40,15
37,6692,508,716,953,847,819,761,706,555,389,396,42,15
38,5934,384,575,719,646,676,707,685,573,445,493,31,15
39,4549,270,404,504,458,509,511,520,522,339,480,32,15
40,3527,218,266,352,364,367,397,401,376,290,479,17,15
41,2780,134,183,260,222,252,288,326,325,271,502,17,15
42,2103,110,103,159,146,190,208,235,284,209,444,15,15
43,1402,68,65,86,98,111,140,146,173,147,361,7,15
44,831,41,30,45,43,60,69,80,104,93,257,9,15
45,390,25,21,21,25,21,37,35,49,40,114,2,15
46,207,18,6,9,15,10,12,24,24,21,67,1,15
47,98,10,9,7,4,7,4,6,12,14,25,0,15
48,63,4,5,1,3,5,7,7,7,8,14,2,15
49,46,3,3,2,3,6,6,4,4,4,11,0,15
50,26,0,3,2,3,2,2,0,2,4,8,0,15
51,20,2,0,2,0,1,5,1,1,3,5,0,15
52,15,3,1,2,0,1,2,1,2,1,2,0,15
53,13,1,1,1,0,0,0,1,3,1,5,0,15
54,8,2,0,0,0,0,1,2,1,1,1,0,15
55,7,1,1,0,0,0,0,2,0,0,3,0,15
56,2,1,0,1,0,0,0,0,0,0,0,0,15
57,1,0,0,0,0,0,0,0,1,0,0,0,15
58,1,1,0,0,0,0,0,0,0,0,0,0,15
59,1,0,0,0,0,0,0,0,0,0,1,0,15
Ignorado,120,105,5,4,4,1,1,0,0,0,0,0,15
Todas las edades,390382,129281,102040,64825,34843,20693,13458,8883,5977,3538,4204,2640,16
10,3,3,0,0,0,0,0,0,0,0,0,0,16
11,14,14,0,0,0,0,0,0,0,0,0,0,16
12,72,72,0,0,0,0,0,0,0,0,0,0,16
13,339,324,9,0,0,0,0,0,0,0,0,6,16
14,1710,1647,48,0,0,0,0,0,0,0,0,15,16
15,5547,5266,239,12,0,0,0,0,0,0,0,30,16
16,10996,9935,936,42,0,0,0,0,0,0,0,83,16
17,15268,12564,2407,171,18,0,0,0,0,0,0,108,16
18,17582,12678,4279,464,24,0,0,0,0,0,0,137,16
19,22510,13936,7066,1242,101,9,0,0,0,0,0,156,16
20,24423,12853,8694,2418,291,34,0,0,0,0,0,133,16
21,25259,11075,9704,3565,652,79,12,0,0,0,0,172,16
22,24034,8865,9160,4473,1192,161,21,0,0,0,0,162,16
23,23321,7305,8634,5147,1680,344,57,4,0,0,0,150,16
24,21710,5778,7787,5234,2089,573,104,15,0,0,0,130,16
25,20720,4782,6846,5343,2506,885,190,42,2,0,0,124,16
26,20074,4082,6317,5270,2674,1200,312,72,16,4,0,127,16
27,18411,3338,5290,4808,2788,1335,545,143,22,2,0,140,16
28,17223,2761,4670,4294,2808,1583,714,246,50,10,0,87,16
29,15490,2237,3784,3880,2568,1533,859,383,101,32,1,112,16
30,14379,1905,3188,3339,2429,1730,1037,430,189,37,8,87,16
31,13536,1606,2826,3060,2288,1634,1082,592,259,69,27,93,16
32,12047,1245,2259,2538,1990,1536,1179,710,344,120,62,64,16
33,11315,1106,1822,2187,1839,1496,1229,789,459,189,112,87,16
34,9970,897,1491,1796,1561,1365,1104,776,525,262,122,71,16
35,9059,771,1286,1507,1392,1165,961,819,556,323,228,51,16
36,7989,597,981,1184,1134,1048,939,770,639,364,280,53,16
37,6606,477,667,922,863,836,770,719,572,363,372,45,16
38,5639,370,579,654,612,660,720,617,542,411,441,33,16
39,4601,250,374,464,501,512,546,558,515,336,514,31,16
40,3408,172,285,327,292,347,400,403,385,310,459,28,16
41,2581,127,179,203,222,228,284,298,285,265,469,21,16
42,1805,91,89,127,144,156,172,211,218,161,427,9,16
43,1210,60,72,68,86,125,107,128,137,137,284,6,16
44,683,35,31,35,43,68,57,77,82,71,177,7,16
45,361,17,11,21,26,17,30,45,47,42,103,2,16
46,168,8,4,7,17,13,9,21,11,15,62,1,16
47,87,7,11,6,4,7,3,7,9,7,26,0,16
48,39,3,3,3,3,1,4,4,1,3,14,0,16
49,27,1,4,3,0,5,5,1,3,2,3,0,16
50,20,2,4,3,0,1,1,1,1,2,4,1,16
51,13,4,1,2,1,2,1,0,0,0,2,0,16
52,8,0,1,0,0,3,1,0,0,0,2,1,16
53,4,0,0,0,0,1,0,0,2,0,0,1,16
54,7,1,0,0,0,0,0,0,3,0,3,0,16
55,3,0,0,0,1,0,0,0,1,0,1,0,16
56,2,0,0,0,0,0,0,0,1,0,1,0,16
57,4,1,0,0,0,0,2,1,0,0,0,0,16
58,3,1,0,0,1,0,0,1,0,0,0,0,16
59,1,0,0,0,0,0,0,0,0,1,0,0,16
Ignorado,101,12,2,6,3,1,1,0,0,0,0,76,16
Todas las edades,381664,131641,98996,62309,32366,18825,11832,7700,5158,3139,3784,5914,17
10,1,1,0,0,0,0,0,0,0,0,0,0,17
11,10,10,0,0,0,0,0,0,0,0,0,0,17
12,62,59,1,0,0,0,0,0,0,0,0,2,17
13,374,350,9,0,0,0,0,0,0,0,0,15,17
14,1574,1504,29,0,0,0,0,0,0,0,0,41,17
15,4832,4575,168,6,1,0,0,0,0,0,0,82,17
16,10351,9284,864,33,3,0,0,0,0,0,0,167,17
17,15705,12985,2319,160,5,3,0,0,0,0,0,233,17
18,18889,13874,4212,456,31,4,0,0,0,0,0,312,17
19,22575,14131,6799,1142,99,11,3,1,1,0,0,388,17
20,24023,12962,8130,2254,251,27,2,1,0,1,0,395,17
21,24304,11177,8856,3278,547,49,7,2,1,0,0,387,17
22,24069,9234,9103,4147,1012,156,27,1,2,0,0,387,17
23,22662,7392,8346,4673,1534,313,40,4,2,0,1,357,17
24,21649,6126,7618,4957,1994,532,69,16,3,0,0,334,17
25,19810,4920,6607,4807,2237,757,174,33,4,2,0,269,17
26,18958,4102,5811,4816,2446,1146,299,66,8,1,0,263,17
27,18024,3419,5327,4719,2496,1261,426,103,19,5,1,248,17
28,16444,2809,4524,4245,2495,1336,577,182,37,8,1,230,17
29,15502,2507,3940,3799,2459,1429,752,286,65,24,5,236,17
30,13919,1893,3257,3396,2253,1422,870,446,138,32,5,207,17
31,12769,1629,2646,3001,2107,1435,952,501,207,70,30,191,17
32,11876,1367,2308,2666,1913,1391,1011,570,294,116,49,191,17
33,10591,1176,1887,2142,1686,1316,998,627,359,151,99,150,17
34,9573,911,1551,1758,1432,1218,1063,688,461,211,130,150,17
35,8697,805,1264,1582,1301,1054,863,711,543,278,167,129,17
36,7580,676,995,1195,1095,946,820,685,533,297,235,103,17
37,6552,492,793,966,914,799,725,620,494,337,323,89,17
38,5405,380,551,754,641,632,623,574,451,339,398,62,17
39,4412,291,389,492,484,539,462,502,421,339,426,67,17
40,3518,228,277,354,343,400,363,369,369,280,484,51,17
41,2586,131,180,225,260,283,312,258,267,225,417,28,17
42,1716,98,105,144,128,155,163,196,196,154,356,21,17
43,1094,56,60,67,99,84,116,106,109,123,258,16,17
44,695,29,25,35,51,58,61,80,92,71,187,6,17
45,354,18,13,16,21,35,27,33,41,36,106,8,17
46,162,7,7,9,14,19,14,17,16,15,41,3,17
47,101,6,10,4,6,7,6,14,10,9,29,0,17
48,40,5,3,4,1,2,4,2,3,3,12,1,17
49,31,4,3,1,1,3,1,2,5,3,8,0,17
50,24,2,3,2,1,0,0,0,4,4,8,0,17
51,13,0,1,2,0,1,1,2,1,3,2,0,17
52,8,0,1,0,0,0,0,2,2,1,2,0,17
53,2,0,0,0,1,0,0,0,0,0,1,0,17
54,3,1,0,0,1,0,0,0,0,0,1,0,17
55,2,0,0,0,0,1,0,0,0,1,0,0,17
56,3,0,1,0,0,0,0,0,0,0,2,0,17
57,1,0,0,0,0,1,0,0,0,0,0,0,17
58,1,1,0,0,0,0,0,0,0,0,0,0,17
Ignorado,118,14,3,2,3,0,1,0,0,0,0,95,17
Todas las edades,383263,135988,98780,62021,32311,18614,11439,7290,4569,2791,3432,6028,18
10,2,2,0,0,0,0,0,0,0,0,0,0,18
11,10,9,0,0,0,0,0,0,0,0,0,1,18
12,79,72,1,0,0,0,0,0,0,0,0,6,18
13,339,322,4,0,0,0,0,0,0,0,0,13,18
14,1574,1500,32,4,0,0,0,0,0,0,0,38,18
15,4894,4626,178,8,0,0,0,0,0,0,0,82,18
16,9971,9074,705,33,0,0,0,0,0,0,0,159,18
17,15298,12856,2055,118,7,0,0,0,0,0,0,262,18
18,19707,14744,4172,436,23,1,0,0,0,0,0,331,18
19,22745,14844,6362,1082,91,6,0,0,0,0,0,360,18
20,24301,13554,8001,2068,258,8,3,0,0,0,0,409,18
21,23983,11292,8532,3110,566,59,0,0,0,0,0,424,18
22,23833,9429,8970,3895,997,150,20,0,0,0,0,372,18
23,23094,7763,8421,4720,1462,293,40,0,0,0,0,395,18
24,21914,6344,7781,4986,1850,538,81,11,0,0,0,323,18
25,20178,5231,6698,4793,2185,763,167,32,7,0,0,302,18
26,19035,4212,6072,4737,2360,1023,287,45,17,0,0,282,18
27,17906,3419,5282,4632,2490,1238,448,103,17,0,0,277,18
28,16921,2949,4778,4218,2601,1349,596,168,40,12,0,210,18
29,15385,2575,3967,3811,2314,1428,720,244,83,13,5,225,18
30,14315,2152,3372,3482,2296,1454,810,370,108,38,15,218,18
31,12754,1690,2786,2976,2067,1427,905,458,187,59,24,175,18
32,11819,1478,2346,2587,2044,1337,890,553,263,101,30,190,18
33,10726,1314,1910,2273,1681,1288,965,627,319,124,69,156,18
34,9511,1079,1492,1849,1531,1168,897,637,401,196,126,135,18
35,8492,879,1254,1590,1278,1055,829,665,426,218,196,102,18
36,7445,698,987,1312,1135,968,784,646,394,227,195,99,18
37,6571,527,835,1016,896,819,703,597,481,310,300,87,18
38,5452,409,572,708,677,661,643,561,440,326,377,78,18
39,4449,293,464,569,529,522,505,414,406,280,395,72,18
40,3544,223,323,376,380,393,409,405,318,276,388,53,18
41,2675,163,187,267,239,276,308,329,259,207,406,34,18
42,1718,98,91,175,145,172,188,190,161,169,308,21,18
43,1140,62,64,96,99,98,121,110,103,124,248,15,18
44,667,34,38,41,54,61,56,69,66,57,184,7,18
45,331,18,22,22,22,30,35,30,43,25,82,2,18
46,170,12,5,13,14,16,12,17,15,20,44,2,18
47,65,9,4,4,5,7,5,3,5,2,21,0,18
48,36,3,9,2,2,2,4,2,4,2,6,0,18
49,31,4,2,1,3,2,3,1,3,2,8,2,18
50,12,2,1,2,2,0,0,1,1,1,2,0,18
51,11,2,1,3,1,0,2,1,0,0,0,1,18
52,9,3,2,0,0,1,0,1,0,1,1,0,18
53,4,2,0,0,1,0,0,0,0,1,0,0,18
54,3,0,0,0,2,0,1,0,0,0,0,0,18
55,1,0,0,0,0,0,0,0,0,0,0,1,18
57,1,0,0,0,0,0,0,0,0,0,1,0,18
58,2,0,0,0,0,0,0,0,1,0,1,0,18
59,1,0,0,0,0,0,1,0,0,0,0,0,18
Ignorado,139,17,2,6,4,1,1,0,1,0,0,107,18
Todas las edades,366855,132114,95622,59083,30161,16666,10124,6259,4024,2372,2822,7608,19
11,11,10,0,0,0,0,0,0,0,0,0,1,19
12,60,55,0,0,0,0,0,0,0,0,0,5,19
13,351,327,7,0,0,0,0,0,0,0,0,17,19
14,1492,1426,25,0,0,0,0,0,0,0,0,41,19
15,4309,4091,129,5,0,0,0,0,0,0,0,84,19
16,9220,8404,572,22,0,0,0,0,0,0,0,222,19
17,13680,11536,1717,80,4,0,0,0,0,0,0,343,19
18,18410,13840,3753,386,16,2,0,0,0,0,0,413,19
19,22365,14799,6025,971,80,4,0,0,0,0,0,486,19
20,22838,12815,7435,1835,222,15,2,0,0,0,0,514,19
21,23191,10986,8314,2844,484,57,5,0,0,0,0,501,19
22,22910,9306,8371,3772,866,123,14,1,0,0,0,457,19
23,22069,7630,8217,4215,1282,247,28,2,2,0,0,446,19
24,21051,6346,7408,4554,1750,438,78,4,0,0,0,473,19
25,19968,5219,6856,4656,2021,659,124,32,2,0,0,399,19
26,18464,4369,5853,4567,2139,877,247,39,11,1,0,361,19
27,17139,3567,5166,4220,2327,1076,371,90,18,2,0,302,19
28,16156,3012,4623,3977,2370,1159,541,131,18,10,2,313,19
29,15292,2622,4088,3861,2251,1293,583,205,49,14,6,320,19
30,13782,2221,3346,3344,2161,1276,727,311,103,22,12,259,19
31,12800,1865,2942,3015,2066,1290,768,394,152,35,17,256,19
32,11140,1518,2348,2540,1740,1227,785,429,221,88,23,221,19
33,10156,1276,1911,2184,1636,1130,864,543,269,119,44,180,19
34,9335,1102,1603,1907,1447,1110,847,578,335,146,106,154,19
35,8037,873,1232,1521,1193,1018,754,561,364,200,155,166,19
36,7263,727,1015,1308,1093,873,680,592,431,223,187,134,19
37,6084,595,784,991,847,736,650,508,368,254,234,117,19
38,5166,463,644,736,715,609,512,469,419,247,250,102,19
39,4233,367,444,563,512,511,490,365,324,239,335,83,19
40,3282,245,328,414,371,328,379,318,298,217,332,52,19
41,2431,191,201,264,238,240,254,252,225,188,329,49,19
42,1789,135,121,171,176,198,197,174,172,138,274,33,19
43,1053,61,63,87,76,78,115,124,123,104,207,15,19
44,606,38,39,37,44,47,56,72,56,64,146,7,19
45,309,27,15,15,19,26,27,32,31,30,81,6,19
46,138,14,11,4,8,5,13,14,20,13,35,1,19
47,82,10,2,8,3,5,4,7,9,7,26,1,19
48,42,6,4,5,1,3,3,5,2,5,7,1,19
49,23,4,2,1,1,1,3,2,2,2,5,0,19
50,9,1,2,0,1,0,1,3,0,0,1,0,19
51,11,2,0,0,0,1,1,2,0,1,4,0,19
52,6,2,0,0,1,0,0,0,0,2,1,0,19
53,4,0,0,1,0,1,0,0,0,0,2,0,19
54,2,2,0,0,0,0,0,0,0,0,0,0,19
55,1,0,0,0,0,1,0,0,0,0,0,0,19
56,1,0,0,0,0,1,0,0,0,0,0,0,19
57,1,0,0,0,0,0,0,0,0,0,1,0,19
59,1,0,0,0,0,0,0,0,0,1,0,0,19
Ignorado,92,9,6,2,0,1,1,0,0,0,0,73,19
Todas las edades,341212,127197,90297,53556,26499,14259,8372,5026,3219,1873,2236,8678,20
11,6,5,0,0,0,0,0,0,0,0,0,1,20
12,45,40,0,0,0,0,0,0,0,0,0,5,20
13,298,279,6,0,0,0,0,0,0,0,0,13,20
14,1229,1160,15,0,0,0,0,0,0,0,0,54,20
15,3881,3675,102,0,0,0,0,0,0,0,0,104,20
16,8097,7393,472,17,0,0,0,0,0,0,0,215,20
17,12051,10282,1381,63,0,0,0,0,0,0,0,325,20
18,16152,12291,3132,276,17,0,0,0,0,0,0,436,20
19,20229,13621,5306,737,57,0,0,0,0,0,0,508,20
20,21980,12793,6900,1558,168,18,0,0,0,0,0,543,20
21,21848,10740,7712,2380,363,45,4,1,2,0,0,601,20
22,21300,9040,7734,3100,783,96,8,2,2,0,0,535,20
23,20701,7600,7565,3710,1028,202,28,2,0,1,0,565,20
24,19781,6349,7028,4064,1418,364,56,16,1,0,0,485,20
25,18999,5312,6554,4245,1716,537,95,15,5,0,0,520,20
26,18004,4559,5863,4231,1891,745,213,41,2,1,0,458,20
27,16503,3787,5134,3940,1967,885,304,62,13,3,0,408,20
28,14839,3239,4359,3542,1882,954,380,118,25,3,1,336,20
29,14056,2623,3927,3397,1978,1082,474,171,54,10,1,339,20
30,13152,2372,3341,3154,1970,1084,581,239,96,16,6,293,20
31,11707,1948,2796,2846,1753,1013,611,310,106,37,9,278,20
32,10545,1626,2388,2350,1621,1062,630,369,166,60,31,242,20
33,9520,1313,1973,2096,1501,982,687,390,226,83,40,229,20
34,8297,1073,1549,1728,1293,899,667,423,260,116,60,229,20
35,7670,965,1310,1522,1172,872,641,473,273,160,89,193,20
36,6675,773,1036,1220,989,815,638,446,298,156,144,160,20
37,5720,640,789,986,836,680,529,404,309,207,199,141,20
38,4804,512,645,805,613,537,460,380,319,196,230,107,20
39,3977,417,458,570,495,464,420,344,260,208,259,82,20
40,3098,277,330,410,396,327,315,255,264,188,257,79,20
41,2290,172,202,270,253,248,254,208,185,177,270,51,20
42,1588,133,132,137,160,152,175,159,148,112,250,30,20
43,995,80,71,96,108,90,88,93,97,70,180,22,20
44,542,44,42,61,33,53,63,59,53,33,89,12,20
45,268,19,20,20,15,29,22,26,27,22,61,7,20
46,139,16,12,9,10,9,15,10,18,4,33,3,20
47,64,13,3,6,3,6,4,5,5,6,13,0,20
48,30,3,3,3,3,4,2,4,1,2,5,0,20
49,20,2,0,3,4,2,3,0,1,1,3,1,20
50,7,0,1,0,1,0,0,1,1,1,2,0,20
51,4,0,3,0,0,0,1,0,0,0,0,0,20
52,5,1,0,0,0,2,0,0,1,0,1,0,20
53,4,0,0,1,0,0,0,0,0,0,2,1,20
54,2,0,0,0,1,0,1,0,0,0,0,0,20
55,4,1,0,1,0,0,1,0,1,0,0,0,20
56,2,0,0,0,0,1,0,0,0,0,1,0,20
57,2,0,2,0,0,0,0,0,0,0,0,0,20
58,1,0,1,0,0,0,0,0,0,0,0,0,20
Ignorado,81,9,0,2,1,0,2,0,0,0,0,67,20
Todas las edades,345149,127412,90004,54786,27599,15208,8897,5316,3247,1882,2147,8651,21
11,6,6,0,0,0,0,0,0,0,0,0,0,21
12,52,43,0,0,0,0,0,0,0,0,0,9,21
13,340,320,0,0,0,0,0,0,0,0,0,20,21
14,1407,1325,19,0,0,0,0,0,0,0,0,63,21
15,4001,3783,116,0,0,0,0,0,0,0,0,102,21
16,8489,7767,493,17,0,0,0,0,0,0,0,212,21
17,12261,10368,1524,64,0,0,0,0,0,0,0,305,21
18,16437,12351,3356,245,0,0,0,0,0,0,0,485,21
19,19543,13027,5112,738,68,0,0,0,0,0,0,598,21
20,21432,12140,6948,1603,157,14,0,0,0,0,0,570,21
21,22101,10818,7802,2423,418,35,9,0,0,0,0,596,21
22,21162,8722,7858,3215,704,98,13,1,0,0,0,551,21
23,20694,7407,7620,3745,1105,206,37,3,0,0,0,571,21
24,19614,6151,6918,4078,1504,393,64,4,0,0,1,501,21
25,19309,5280,6635,4356,1808,603,152,17,3,0,2,453,21
26,18174,4500,5859,4351,1956,832,228,40,4,1,1,402,21
27,16639,3719,5073,4066,2054,938,302,66,20,1,0,400,21
28,15509,3296,4397,3815,2073,1007,409,120,28,7,3,354,21
29,14052,2787,3626,3407,1990,1106,549,196,52,11,3,325,21
30,13274,2421,3152,3257,1945,1157,645,293,73,19,3,309,21
31,12283,2115,2815,2900,1869,1215,632,326,114,33,13,251,21
32,10868,1792,2290,2448,1714,1098,690,371,160,50,32,223,21
33,9823,1459,1986,2148,1563,1003,684,402,248,79,35,216,21
34,8561,1230,1514,1730,1389,949,690,438,230,108,79,204,21
35,7715,1080,1225,1540,1137,896,645,437,305,161,101,188,21
36,6951,875,1033,1269,1053,820,666,476,315,182,113,149,21
37,5931,733,811,1013,851,672,539,481,338,197,168,128,21
38,4958,537,593,770,686,626,485,416,329,205,205,106,21
39,4028,436,450,562,541,489,458,330,253,180,238,91,21
40,3188,327,318,401,395,362,327,289,256,178,269,66,21
41,2412,226,197,283,269,286,273,204,187,164,284,39,21
42,1668,162,131,153,153,184,187,179,145,123,215,36,21
43,1010,91,61,101,84,103,113,113,91,71,155,27,21
44,562,43,31,40,61,62,54,56,44,61,99,11,21
45,308,30,21,30,26,26,24,30,29,21,65,6,21
46,155,15,5,4,14,15,12,20,11,16,33,10,21
47,72,8,9,3,2,4,7,2,11,5,20,1,21
48,28,6,2,2,3,4,1,2,0,5,3,0,21
49,14,1,0,3,3,0,1,0,0,2,3,1,21
50,10,3,2,2,1,1,0,1,0,0,0,0,21
51,4,1,0,1,1,0,0,0,0,1,0,0,21
52,6,0,1,0,0,1,1,0,0,0,2,1,21
53,4,0,0,0,0,0,0,1,1,1,1,0,21
54,5,1,0,2,0,1,0,1,0,0,0,0,21
55,3,0,0,0,1,1,0,0,0,0,1,0,21
56,2,2,0,0,0,0,0,0,0,0,0,0,21
57,1,0,0,0,0,0,0,1,0,0,0,0,21
58,1,0,0,0,0,1,0,0,0,0,0,0,21
Ignorado,82,8,1,1,1,0,0,0,0,0,0,71,21
