Edad,Total,Guatemala,El Progreso,Sacatepéquez,Chimaltenango,Escuintla,Santa Rosa,Sololá,Totonicapán,Quetzaltenango,Suchitepéquez,Retalhuleu,San Marcos,Huehuetenango,Quiché,Baja Verapaz,Alta Verapaz,Petén,Izabal,Zacapa,Chiquimula,Jalapa,Jutiapa,Extranjero,Ignorado,Anio
Todas las edades,351628,58906,3814,6708,14482,14552,8181,9511,11410,18653,12771,7297,27590,32782,26849,7218,32925,13632,8956,5626,10181,8270,10809,129,376,09
10,12,0,0,0,0,0,0,0,0,1,0,0,0,1,1,0,4,1,0,2,1,0,1,0,0,09
11,30,0,0,0,0,0,1,0,2,1,1,0,0,1,8,0,5,4,1,2,2,1,1,0,0,09
12,93,4,1,1,0,3,1,2,5,4,4,4,3,6,7,2,16,8,12,5,3,2,0,0,0,09
13,450,33,1,3,3,32,12,3,5,16,12,9,34,43,32,10,49,54,22,18,16,18,24,1,0,09
14,1849,184,25,22,31,109,49,29,19,67,63,60,149,122,131,50,197,172,94,71,64,66,73,0,2,09
15,5054,555,51,72,132,260,155,85,97,250,172,127,369,499,374,128,547,388,217,110,159,130,171,5,1,09
16,9382,1180,99,130,294,517,275,205,190,459,378,253,752,859,666,221,1020,561,351,176,256,216,322,2,0,09
17,13246,1749,166,227,427,682,403,265,295,663,519,346,1130,1222,916,316,1362,648,428,260,462,337,419,3,1,09
18,14038,2110,152,226,457,679,361,340,436,817,573,329,1220,1360,1025,325,1427,504,314,247,378,324,428,6,0,09
19,19346,3119,221,360,699,978,498,414,546,1089,757,457,1630,1837,1369,389,1813,763,524,346,536,399,595,7,0,09
20,20492,3502,254,416,793,990,496,470,600,1093,771,455,1621,1931,1441,451,1920,750,521,386,567,456,601,6,1,09
21,21076,3670,245,446,844,949,527,540,642,1143,791,436,1564,1914,1457,488,1930,821,576,358,608,467,656,4,0,09
22,20030,3585,222,403,814,988,480,514,579,1002,757,451,1528,1827,1368,411,1879,701,550,323,533,500,609,5,1,09
23,19375,3448,236,405,789,878,436,484,601,1040,749,426,1452,1671,1361,410,1813,775,481,298,542,496,577,6,1,09
24,19013,3422,238,437,755,842,432,485,609,1049,693,416,1495,1621,1301,380,1768,743,482,299,551,415,572,7,1,09
25,18017,3345,213,374,761,784,402,446,559,950,705,349,1390,1545,1337,370,1625,645,422,297,542,393,554,9,0,09
26,17336,3296,200,360,726,746,378,502,559,891,634,393,1269,1551,1180,341,1535,644,432,282,494,404,514,5,0,09
27,16356,3113,173,371,706,643,387,435,509,895,611,331,1238,1453,1059,306,1513,610,396,264,446,397,494,6,0,09
28,15078,3040,146,310,678,564,329,419,492,785,518,326,1107,1360,982,301,1327,522,360,216,453,360,475,8,0,09
29,14027,2821,142,294,665,514,309,410,457,709,466,278,1030,1238,1091,268,1209,465,303,201,421,349,381,6,0,09
30,13039,2573,137,280,629,441,248,378,466,673,425,249,968,1113,1057,227,1197,462,276,185,377,292,380,6,0,09
31,11952,2325,125,228,567,387,229,376,437,588,356,223,877,1085,992,246,1070,438,262,150,344,286,353,8,0,09
32,11076,2124,107,202,515,339,204,359,407,562,334,215,869,995,930,187,1023,376,243,150,329,267,332,7,0,09
33,9422,1674,90,163,429,288,177,317,391,468,314,159,690,880,815,193,911,337,195,148,291,216,274,2,0,09
34,8474,1516,71,152,415,275,170,298,318,424,268,142,689,763,739,165,796,285,200,97,222,186,282,1,0,09
35,7467,1259,74,128,367,204,145,250,274,375,242,135,605,663,763,135,699,260,155,86,216,192,239,1,0,09
36,6998,1093,68,99,330,207,144,236,265,376,213,103,554,663,728,154,722,215,147,95,181,173,226,5,1,09
37,5969,891,54,87,288,136,117,188,243,326,180,80,524,553,611,135,583,230,153,85,177,146,177,5,0,09
38,5110,684,41,61,271,161,123,170,255,280,153,91,389,508,547,95,451,168,121,76,171,134,158,2,0,09
39,4204,538,33,66,202,114,89,167,202,220,143,51,364,455,457,91,376,141,99,52,126,105,112,1,0,09
40,3413,435,39,55,182,79,72,147,168,164,108,50,280,340,353,47,343,122,76,52,91,100,109,1,0,09
41,2759,350,20,59,152,64,68,101,136,155,90,41,236,289,271,57,268,113,63,23,75,57,70,1,0,09
42,2029,215,17,27,111,58,56,74,89,121,59,29,218,194,225,36,182,84,50,21,56,54,53,0,0,09
43,1364,142,8,22,72,35,36,50,85,75,50,10,131,142,154,32,126,42,25,11,40,31,45,0,0,09
44,850,80,5,14,37,22,23,27,30,33,32,14,96,95,82,10,92,33,13,14,24,37,37,0,0,09
45,545,61,5,6,29,16,18,19,17,23,13,8,66,72,69,10,33,20,9,3,15,13,20,0,0,09
46,341,33,3,10,11,7,8,12,18,15,12,6,35,40,41,5,24,18,9,0,8,13,13,0,0,09
47,191,16,2,0,10,4,1,11,8,9,7,4,27,31,11,2,17,6,7,2,4,5,6,1,0,09
48,158,7,2,1,5,7,1,2,6,9,7,6,15,18,22,4,15,16,3,2,2,2,6,0,0,09
49,83,4,0,0,0,3,4,3,5,1,5,1,8,13,10,2,8,4,0,4,2,1,5,0,0,09
50,78,3,1,0,2,1,1,3,8,4,2,0,11,11,4,1,5,7,7,0,3,0,4,0,0,09
51,72,4,0,1,0,2,1,2,4,2,5,3,11,8,4,1,11,4,1,3,3,1,1,0,0,09
52,41,1,1,0,1,1,1,1,2,4,4,0,9,3,4,0,5,3,0,0,0,0,1,0,0,09
53,43,2,1,0,0,1,0,0,4,1,2,0,8,8,3,2,1,4,1,1,1,0,3,0,0,09
54,40,1,1,0,0,0,2,1,3,1,0,0,7,9,7,1,2,2,1,0,0,0,2,0,0,09
55,38,1,0,0,2,0,1,0,4,0,1,0,8,2,2,1,8,4,2,0,1,0,1,0,0,09
56,19,0,0,0,0,0,0,1,3,0,1,0,4,2,0,0,1,7,0,0,0,0,0,0,0,09
57,13,1,0,0,0,0,0,1,0,0,0,0,3,2,1,0,1,3,0,0,1,0,0,0,0,09
58,13,0,0,0,0,0,1,0,0,0,1,1,2,3,2,0,1,0,0,1,0,0,1,0,0,09
59,7,0,0,0,0,0,0,0,0,1,0,0,2,1,0,0,1,0,0,0,0,1,1,0,0,09
Ignorado,11520,697,124,190,281,542,310,269,360,819,570,230,903,1760,839,212,994,449,352,204,387,228,431,2,367,09
Todas las edades,361906,59021,3761,6697,14998,14342,8253,9413,11400,19004,12947,7418,29322,36390,27795,7628,33501,14147,9878,5648,10400,8548,11134,113,148,10
10,11,0,0,0,0,0,0,0,0,0,0,1,0,0,0,0,1,1,0,1,0,0,0,0,7,10
11,34,1,0,0,0,1,0,1,0,3,1,1,2,4,0,0,4,3,3,3,1,1,2,0,3,10
12,104,11,0,1,1,4,5,1,0,5,5,7,8,10,3,3,9,8,4,3,5,6,3,0,2,10
13,449,36,4,6,4,32,7,5,2,17,20,13,37,45,24,4,45,66,28,11,17,11,13,0,2,10
14,2073,168,26,21,37,119,66,23,29,106,74,58,162,224,136,43,222,186,107,50,82,45,84,1,4,10
15,5717,571,59,67,135,321,173,82,94,309,210,139,433,615,414,138,664,408,216,122,171,147,224,1,4,10
16,10596,1200,108,129,265,500,297,196,258,566,392,266,913,1247,830,276,1109,613,354,207,281,267,308,4,10,10
17,15306,1900,165,262,510,713,384,306,382,873,586,370,1273,1724,1139,375,1488,782,519,253,437,407,447,3,8,10
18,16771,2175,214,268,573,767,464,392,505,936,580,409,1491,1769,1233,389,1651,716,445,278,517,433,558,3,5,10
19,21433,3102,239,367,798,1015,525,492,601,1195,765,456,1808,2221,1670,469,2033,869,650,334,584,521,714,5,0,10
20,22194,3498,246,439,821,1021,545,501,654,1252,893,498,1856,2335,1600,485,1898,893,618,369,625,497,639,9,2,10
21,21763,3602,237,407,856,1021,537,466,631,1171,812,503,1715,2109,1534,476,2037,859,620,355,602,522,681,7,3,10
22,21945,3632,253,454,890,956,470,525,628,1124,882,462,1834,2179,1576,467,1921,835,661,356,618,500,714,7,1,10
23,20416,3556,232,430,835,902,508,494,610,1053,741,458,1579,1956,1366,449,1827,789,553,324,616,502,626,8,2,10
24,19620,3490,223,416,809,817,450,495,581,1020,745,396,1522,1865,1407,442,1809,695,524,344,582,421,559,6,2,10
25,19009,3350,192,411,821,790,413,440,611,980,744,410,1449,1830,1325,386,1789,655,542,316,512,452,585,4,2,10
26,17841,3285,201,374,778,739,391,469,554,903,649,379,1404,1721,1251,369,1607,620,461,265,502,391,521,6,1,10
27,16949,3152,179,337,779,669,362,471,500,886,630,327,1355,1619,1184,329,1484,610,441,252,506,372,499,5,1,10
28,15635,2982,164,302,692,592,325,417,509,803,534,315,1243,1520,1010,352,1399,559,388,241,467,356,463,2,0,10
29,14632,2819,142,288,641,549,297,430,450,793,447,282,1193,1372,1069,274,1298,486,374,219,431,330,442,4,2,10
30,13829,2631,134,265,625,476,277,396,477,694,495,269,1026,1305,1048,263,1271,458,351,217,385,321,440,5,0,10
31,12649,2439,103,282,596,401,253,378,433,655,416,207,983,1259,1001,245,1084,404,320,192,350,281,358,9,0,10
32,11265,1998,103,224,522,342,219,352,415,611,368,204,892,1083,936,211,1033,360,283,183,303,250,370,3,0,10
33,10312,1902,82,176,507,288,190,350,390,487,332,164,806,1016,868,212,976,361,226,125,316,241,292,4,1,10
34,8844,1519,77,147,389,237,184,282,368,431,308,147,662,884,826,165,841,322,231,115,210,227,271,0,1,10
35,7733,1284,59,135,370,212,167,240,271,370,249,114,595,789,759,136,755,275,189,95,240,187,241,1,0,10
36,6943,1119,53,107,368,167,142,240,256,359,213,97,602,726,688,138,605,258,159,74,192,170,207,1,2,10
37,6213,891,62,93,290,166,115,195,229,301,222,110,521,656,632,121,623,223,121,79,208,159,191,4,1,10
38,5246,772,43,72,247,143,113,176,225,267,171,96,428,535,552,111,463,172,113,62,170,139,171,3,2,10
39,4282,565,40,58,216,99,97,137,205,200,117,65,366,455,454,72,409,177,100,68,139,106,134,3,0,10
40,3453,427,49,49,170,90,78,145,167,185,89,56,296,380,368,61,299,110,87,40,106,95,103,1,2,10
41,2655,322,22,39,168,62,45,112,118,160,73,44,233,299,280,53,248,86,52,21,69,64,82,2,1,10
42,1979,235,21,29,108,42,52,72,93,112,59,33,193,182,206,32,197,80,53,26,48,43,63,0,0,10
43,1282,132,12,21,65,30,31,47,55,64,43,27,125,133,130,27,142,49,20,20,38,30,40,1,0,10
44,843,81,6,10,52,14,24,36,32,34,21,14,89,99,86,21,77,40,19,13,22,25,27,1,0,10
45,517,63,5,7,26,14,18,23,21,20,17,5,47,60,51,15,50,23,10,5,11,9,17,0,0,10
46,309,24,1,2,4,8,3,9,12,17,9,4,39,44,43,6,36,15,6,3,8,5,10,0,1,10
47,183,8,0,0,10,1,3,5,10,7,5,3,25,33,20,4,15,10,4,1,2,4,13,0,0,10
48,136,13,0,0,3,3,3,4,3,7,8,2,14,18,17,3,9,10,5,1,5,3,5,0,0,10
49,104,4,3,0,2,0,0,1,0,6,7,2,21,14,9,2,12,8,5,1,5,1,1,0,0,10
50,78,4,0,0,1,4,3,3,2,3,2,0,13,14,4,0,10,7,2,0,2,1,3,0,0,10
51,63,2,0,0,0,3,4,1,2,2,0,0,7,7,5,1,9,14,2,1,1,0,2,0,0,10
52,54,2,1,0,0,2,1,0,3,3,0,0,13,7,8,0,3,6,0,1,0,2,2,0,0,10
53,40,0,0,0,0,2,1,2,3,1,1,0,6,5,6,0,6,4,2,0,0,1,0,0,0,10
54,35,1,0,1,0,1,1,0,2,1,2,0,7,2,3,1,5,7,1,0,0,0,0,0,0,10
55,25,1,0,0,0,0,1,0,1,1,0,0,7,0,3,1,4,2,1,0,1,0,2,0,0,10
56,25,0,0,0,0,1,1,1,2,1,2,0,4,4,2,0,2,1,0,1,1,0,2,0,0,10
57,12,0,0,0,0,0,0,0,1,0,0,0,1,1,3,0,3,0,0,0,0,0,3,0,0,10
58,11,1,0,0,0,0,0,0,0,0,0,0,1,4,1,0,2,0,1,0,0,0,1,0,0,10
59,5,0,0,0,0,0,0,0,0,0,0,0,2,1,1,0,0,0,0,0,1,0,0,0,0,10
Ignorado,283,51,1,1,14,6,8,0,5,10,8,5,21,10,14,1,17,12,7,1,11,3,1,0,76,10
Todas las edades,373692,61951,4092,6845,15303,15800,9022,9555,11724,19858,13782,7894,29742,36713,28392,7760,33382,14383,10137,6001,10721,9022,11335,158,120,11
10,6,1,0,0,0,0,0,0,0,0,0,0,1,0,0,0,0,1,0,0,0,0,0,0,3,11
11,31,2,0,0,0,0,1,0,1,0,1,0,1,4,1,0,5,7,2,0,1,0,2,0,3,11
12,109,4,4,1,1,3,1,1,0,6,1,4,10,8,8,4,10,16,5,6,6,3,2,0,5,11
13,466,31,7,2,4,25,8,12,5,27,16,9,34,46,29,8,41,53,24,16,22,17,20,0,10,11
14,2229,203,23,10,36,159,70,26,39,125,93,56,164,221,144,51,233,175,109,58,91,66,76,0,1,11
15,5983,563,70,56,107,312,178,107,141,338,209,154,507,646,457,148,640,409,243,126,221,152,195,3,1,11
16,11964,1233,127,161,283,630,333,216,300,692,497,271,1027,1305,974,281,1164,677,444,245,369,330,400,3,2,11
17,17133,2014,181,261,554,814,496,311,463,988,680,393,1419,1884,1419,362,1699,782,573,313,511,474,534,4,4,11
18,18422,2447,188,270,594,946,458,395,515,1090,723,409,1675,1886,1369,431,1859,807,529,309,475,457,578,7,5,11
19,21673,3219,225,362,776,1063,582,470,591,1186,828,510,1855,2284,1578,467,1904,924,640,388,572,534,707,4,4,11
20,21995,3561,241,426,813,1024,581,481,681,1191,827,492,1850,2222,1551,487,1912,864,628,324,667,512,653,5,2,11
21,23034,3798,286,494,919,1140,564,538,675,1284,915,515,1786,2228,1631,504,2070,929,610,346,625,509,652,11,5,11
22,22345,3895,283,436,846,1095,564,482,671,1201,875,523,1669,2097,1557,450,1984,849,612,409,594,521,724,7,1,11
23,21631,3929,266,413,916,993,539,517,610,1137,828,491,1692,2001,1529,451,1871,764,601,340,594,497,645,6,1,11
24,19944,3519,218,401,780,909,496,492,603,1066,826,449,1522,1928,1407,411,1673,700,512,334,608,460,620,9,1,11
25,19147,3513,237,380,811,869,471,486,548,959,714,374,1499,1816,1368,411,1638,687,481,307,533,437,592,14,2,11
26,18327,3465,222,376,805,817,434,474,590,935,692,353,1400,1641,1289,369,1572,612,490,316,499,424,540,10,2,11
27,17186,3256,179,351,781,750,407,478,514,940,665,366,1283,1561,1159,331,1477,568,436,290,513,381,486,11,3,11
28,16345,3134,171,328,726,651,335,446,517,843,600,341,1236,1568,1143,315,1331,584,412,266,477,424,488,8,1,11
29,14909,2947,179,315,668,568,338,424,478,807,519,285,1094,1411,988,287,1232,508,384,238,431,366,430,11,1,11
30,13723,2674,144,278,600,502,308,348,434,722,471,286,1047,1356,1023,279,1180,441,333,193,398,305,393,7,1,11
31,12866,2541,131,266,639,450,288,398,406,673,421,258,986,1226,961,256,1117,416,285,169,341,293,338,6,1,11
32,11698,2281,117,234,567,363,237,381,403,564,375,239,838,1134,922,199,1048,388,291,146,353,277,333,6,2,11
33,10314,1850,92,183,505,277,233,328,383,533,340,207,800,999,910,190,930,344,250,148,290,220,296,6,0,11
34,9449,1661,92,185,500,301,195,328,348,463,287,173,725,859,862,178,811,358,216,130,273,235,263,5,1,11
35,8042,1362,75,125,341,236,161,258,286,381,271,135,667,805,698,172,755,279,207,132,220,224,248,4,0,11
36,7047,1168,61,134,329,186,159,235,286,353,230,135,537,675,653,157,625,239,184,89,194,194,221,2,1,11
37,5947,948,59,89,317,158,141,194,238,266,197,103,441,606,604,118,517,200,147,70,194,135,200,4,1,11
38,5396,791,49,87,285,133,103,185,251,280,162,114,451,531,515,99,528,170,107,75,176,130,174,0,0,11
39,4460,611,42,76,252,114,87,144,186,201,135,64,388,459,449,84,433,164,99,66,132,123,151,0,0,11
40,3453,448,49,43,151,120,79,106,154,174,105,63,273,373,354,65,330,121,82,51,111,105,96,0,0,11
41,2697,307,24,41,134,60,61,111,112,144,80,41,259,294,279,66,255,88,65,27,86,68,92,3,0,11
42,1860,200,17,22,95,44,40,72,99,97,64,23,179,216,187,50,174,71,38,22,40,47,62,0,1,11
43,1346,145,14,24,69,31,26,44,76,63,42,22,135,129,142,31,117,49,37,18,34,48,48,0,2,11
44,864,74,6,7,46,18,20,28,38,52,33,13,86,89,104,20,92,30,19,17,21,24,27,0,0,11
45,497,56,6,3,25,10,6,12,29,19,19,4,62,59,44,7,34,27,14,8,25,11,16,1,0,11
46,296,22,3,3,11,5,7,5,15,9,10,6,37,42,25,4,36,21,8,2,8,7,10,0,0,11
47,176,18,0,0,3,4,4,8,3,5,6,4,15,29,18,2,21,18,6,1,1,5,5,0,0,11
48,97,9,0,0,2,4,1,3,5,8,3,3,12,14,4,3,11,3,2,1,4,1,4,0,0,11
49,110,3,0,0,1,2,1,3,6,8,7,0,25,13,11,0,13,8,1,0,2,3,3,0,0,11
50,66,3,0,1,2,3,2,2,4,1,4,1,10,12,5,2,8,2,1,1,0,1,1,0,0,11
51,59,2,0,0,0,1,1,0,4,3,3,0,10,7,5,3,6,8,0,1,1,0,4,0,0,11
52,53,6,0,1,2,2,1,0,3,3,1,0,7,4,3,3,3,6,2,1,1,1,3,0,0,11
53,35,1,0,0,1,0,0,1,4,3,2,2,5,6,2,0,3,1,1,1,1,0,1,0,0,11
54,22,0,0,0,0,1,0,0,2,0,0,0,3,5,3,0,5,2,0,0,1,0,0,0,0,11
55,21,1,0,0,0,0,1,1,2,3,0,0,1,3,3,1,0,0,0,1,1,1,2,0,0,11
56,10,0,0,0,0,0,1,1,0,0,1,0,2,2,1,0,0,0,1,0,1,0,0,0,0,11
57,12,1,0,0,0,1,2,0,0,0,0,1,2,3,1,0,0,1,0,0,0,0,0,0,0,11
58,8,0,0,0,0,0,1,0,0,1,0,0,0,1,2,0,1,2,0,0,0,0,0,0,0,11
59,4,1,0,0,0,1,0,0,0,0,0,0,1,0,0,0,1,0,0,0,0,0,0,0,0,11
Ignorado,185,33,4,0,6,5,0,3,5,14,4,2,14,5,1,3,13,10,6,0,3,0,0,1,53,11
Todas las edades,388613,64478,4042,6988,15868,16454,9601,9871,12195,21031,14147,8207,30389,38477,29590,7951,34986,15353,10122,6129,11488,9284,11789,139,34,12
10,5,0,0,0,0,0,0,1,0,0,0,0,0,0,0,0,1,2,0,0,0,0,1,0,0,12
11,31,1,0,0,0,1,1,0,0,0,0,0,5,1,1,0,5,5,1,1,2,3,4,0,0,12
12,110,8,1,0,1,3,1,1,1,5,2,2,10,8,17,1,13,15,4,3,6,5,3,0,0,12
13,490,37,12,4,7,30,10,9,4,20,25,3,39,51,36,6,41,54,19,16,23,11,33,0,0,12
14,2378,194,23,25,37,122,80,30,50,123,86,56,195,214,155,46,272,230,130,56,101,69,84,0,0,12
15,6821,641,62,76,155,390,215,153,169,397,239,161,531,755,532,152,680,509,255,130,205,179,235,0,0,12
16,13125,1402,153,167,384,721,389,236,328,767,531,308,1034,1483,1025,287,1308,716,431,220,406,393,433,3,0,12
17,18832,2099,178,317,590,955,508,413,496,1176,738,417,1629,2052,1479,403,1854,906,579,336,574,526,604,3,0,12
18,19672,2727,214,312,656,958,524,474,510,1178,721,422,1639,2105,1561,429,1840,851,531,309,539,509,656,7,0,12
19,23211,3457,258,370,835,1159,571,497,686,1305,868,553,1964,2369,1683,467,2204,1004,660,372,665,536,720,8,0,12
20,23342,3789,268,429,866,1144,571,509,686,1234,891,556,1937,2449,1806,462,1938,922,622,352,697,503,700,11,0,12
21,23468,3888,256,437,935,1140,590,534,761,1276,869,549,1919,2426,1692,452,1952,878,614,401,632,531,732,4,0,12
22,23458,4094,256,440,966,1126,605,610,681,1248,898,548,1820,2264,1589,512,2012,880,673,378,648,503,696,11,0,12
23,21955,3964,238,429,890,1031,605,504,640,1240,821,491,1674,2062,1507,410,1911,838,546,365,650,501,633,5,0,12
24,21261,3866,252,380,912,945,509,521,655,1143,825,488,1607,1978,1466,490,1893,739,556,341,588,466,628,13,0,12
25,19712,3691,225,404,810,831,452,463,634,998,751,433,1424,1855,1329,427,1704,723,505,335,591,505,618,4,0,12
26,18482,3465,188,390,809,764,499,455,539,952,709,366,1376,1716,1244,353,1637,650,478,284,591,426,586,5,0,12
27,17547,3224,176,341,747,738,434,451,548,935,674,360,1303,1651,1292,350,1547,630,430,284,499,406,521,5,1,12
28,16244,3058,184,311,677,652,399,418,489,896,616,344,1164,1524,1168,341,1432,595,359,251,500,370,488,8,0,12
29,15545,2957,165,305,707,544,354,436,497,828,545,296,1150,1515,1098,302,1373,548,402,224,510,395,387,7,0,12
30,14372,2735,136,308,661,541,341,404,439,786,496,266,1063,1300,999,302,1351,497,320,215,426,339,438,8,1,12
31,13259,2607,140,266,592,438,302,349,435,683,464,265,974,1258,961,278,1142,472,304,211,410,318,386,4,0,12
32,12058,2335,98,249,574,427,265,354,424,606,404,223,890,1132,933,231,1073,412,248,167,345,283,380,5,0,12
33,10721,1995,99,186,553,334,241,324,360,572,329,204,790,1006,923,223,962,376,246,162,308,231,289,8,0,12
34,9572,1731,92,178,448,289,211,301,378,449,311,168,733,955,825,197,858,337,231,137,259,240,242,2,0,12
35,8475,1494,63,144,427,241,180,242,362,416,262,170,684,825,748,166,732,297,209,113,257,194,244,5,0,12
36,7063,1148,68,111,316,203,163,249,281,377,219,118,560,678,695,121,659,256,153,103,199,157,222,7,0,12
37,6031,983,51,87,299,184,120,190,216,308,216,98,446,606,620,126,551,208,138,76,192,137,178,1,0,12
38,5201,783,50,79,232,154,114,196,174,260,193,85,433,520,541,94,494,186,114,84,150,112,152,1,0,12
39,4498,625,41,69,212,113,93,157,195,219,134,57,374,450,484,89,453,159,94,65,156,119,138,2,0,12
40,3561,521,24,66,179,88,88,109,152,200,109,70,260,357,346,74,332,126,85,51,112,110,102,0,0,12
41,2708,331,24,42,131,62,61,104,149,134,75,42,242,292,293,48,247,95,61,29,81,75,90,0,0,12
42,1937,240,15,27,89,50,46,68,98,113,46,30,193,230,185,36,160,67,45,22,64,55,58,0,0,12
43,1232,140,7,11,55,32,16,52,52,69,31,20,109,139,126,23,143,46,25,10,45,37,43,1,0,12
44,787,102,8,12,44,10,15,28,40,42,19,20,56,79,90,15,76,40,19,11,23,19,19,0,0,12
45,494,54,7,8,40,10,14,12,25,32,11,5,50,54,46,11,52,22,7,2,7,11,14,0,0,12
46,256,20,3,3,13,8,8,5,8,12,10,3,33,20,27,9,24,21,7,4,10,4,4,0,0,12
47,150,18,2,2,6,4,1,2,3,8,3,2,15,21,14,3,15,9,3,2,3,3,11,0,0,12
48,101,7,2,0,1,1,1,4,5,9,0,0,10,23,9,3,9,5,4,3,2,0,3,0,0,12
49,83,8,1,0,3,4,0,1,3,2,1,1,13,10,7,2,13,4,2,1,3,2,2,0,0,12
50,62,5,1,0,1,1,0,0,3,1,1,0,8,14,9,3,4,5,3,0,1,0,2,0,0,12
51,48,3,0,0,1,2,0,1,3,1,1,1,8,6,6,2,6,3,1,2,0,0,1,0,0,12
52,31,0,0,1,1,0,0,2,5,1,1,1,7,3,4,0,2,0,2,0,1,0,0,0,0,12
53,22,3,0,0,0,0,0,0,0,1,1,0,3,4,1,0,3,3,1,0,0,0,2,0,0,12
54,26,1,0,0,0,0,1,0,3,4,0,0,3,4,4,0,2,1,1,0,1,0,1,0,0,12
55,17,0,1,0,0,1,0,0,3,0,0,0,1,5,2,0,1,0,0,0,1,0,2,0,0,12
56,12,0,0,0,0,0,2,0,1,1,0,0,1,2,0,1,1,3,0,0,0,0,0,0,0,12
57,10,0,0,0,0,0,0,0,1,0,1,1,0,3,0,1,1,1,0,0,0,0,1,0,0,12
58,12,0,0,0,0,0,0,0,0,0,0,0,6,0,3,2,0,0,0,0,0,0,1,0,0,12
59,3,0,0,0,0,0,0,0,0,0,0,0,0,0,2,0,0,1,0,0,0,0,0,0,0,12
Ignorado,122,27,0,2,6,3,1,2,3,4,0,4,4,3,7,1,3,6,4,1,5,1,2,1,32,12
Todas las edades,387342,65920,4202,7004,15755,16401,9478,10051,12239,20265,13920,8158,30193,37732,29359,7889,34119,15510,10404,6132,10954,9556,11836,225,40,13
10,3,1,0,0,0,0,0,0,0,0,0,0,0,0,0,0,0,1,0,0,0,1,0,0,0,13
11,6,1,0,0,0,0,0,0,0,0,0,0,0,0,0,0,2,2,1,0,0,0,0,0,0,13
12,57,10,0,0,2,8,1,1,2,4,1,0,3,2,3,0,3,5,1,3,1,3,4,0,0,13
13,297,22,3,1,5,21,14,2,4,12,19,3,23,20,17,3,36,36,22,9,5,12,8,0,0,13
14,1551,156,17,13,21,91,44,28,30,85,50,40,110,132,111,34,163,164,74,38,49,50,51,0,0,13
15,4834,445,72,57,96,263,145,69,98,262,183,118,367,547,342,100,478,415,208,107,162,136,163,1,0,13
16,10091,1096,104,117,269,564,308,206,226,539,375,221,838,1144,757,222,1019,669,356,193,284,262,322,0,0,13
17,15448,1918,192,224,445,803,456,296,389,876,581,346,1291,1747,1156,338,1493,813,495,253,441,406,486,3,0,13
18,18867,2620,226,325,625,963,515,423,492,1093,709,465,1627,1919,1380,441,1738,890,547,271,538,468,590,2,0,13
19,23077,3473,227,389,753,1071,585,489,709,1234,863,559,1859,2423,1822,509,2108,1004,698,365,650,581,695,11,0,13
20,23559,3703,255,423,842,1107,612,541,701,1266,934,530,1968,2378,1767,526,2111,949,700,382,581,572,702,9,0,13
21,23620,3933,247,413,930,1147,579,572,719,1263,866,545,1955,2333,1747,505,1988,913,629,373,603,584,757,19,0,13
22,23016,3969,253,394,950,1093,611,517,700,1236,851,532,1835,2284,1591,450,1950,809,629,424,679,543,702,14,0,13
23,22745,4035,275,460,954,1109,584,549,746,1268,834,484,1714,2175,1628,440,1834,858,644,340,603,552,649,10,0,13
24,21425,3935,206,369,902,971,522,546,692,1145,816,505,1629,1969,1476,411,1836,814,557,367,593,490,658,16,0,13
25,20394,3729,250,408,861,935,513,497,624,1024,725,446,1558,1844,1427,415,1758,762,599,323,611,469,601,15,0,13
26,18655,3600,215,413,805,824,441,467,611,914,721,390,1351,1724,1262,395,1580,681,480,284,518,431,538,10,0,13
27,17754,3390,201,353,750,696,439,474,545,930,641,341,1300,1627,1272,357,1573,628,430,292,512,448,546,9,0,13
28,16644,3120,176,339,757,703,353,447,518,902,649,305,1243,1461,1230,342,1389,605,409,259,471,413,542,11,0,13
29,15605,2997,174,338,670,600,390,428,487,811,560,320,1118,1484,1143,294,1368,559,358,251,416,370,454,15,0,13
30,14495,2852,161,288,689,570,326,418,450,725,510,285,1058,1342,1067,266,1177,505,337,219,424,358,460,8,0,13
31,13554,2623,153,256,591,532,291,370,461,640,492,267,995,1276,940,252,1212,494,341,220,398,334,409,7,0,13
32,12168,2367,130,228,497,386,248,356,433,639,418,251,943,1167,887,231,1010,447,306,179,365,305,364,11,0,13
33,11242,2249,122,209,540,331,244,347,393,578,350,190,837,1027,885,200,1013,394,236,159,322,277,330,9,0,13
34,10248,1947,110,196,510,301,222,338,363,520,318,181,764,975,810,220,922,329,224,141,273,277,300,7,0,13
35,9144,1726,76,185,406,272,188,314,302,436,265,166,705,877,818,160,830,297,188,149,297,202,278,7,0,13
36,7936,1436,66,125,435,217,175,258,270,374,221,146,596,778,711,171,697,285,207,121,205,209,229,4,0,13
37,6754,1147,58,106,328,202,155,230,293,308,203,114,484,665,620,117,660,239,152,88,205,163,211,6,0,13
38,5697,969,54,92,253,189,123,204,220,254,189,96,412,531,542,107,521,224,155,73,166,135,183,5,0,13
39,4740,740,31,85,234,120,101,169,185,242,155,67,376,475,487,94,403,157,104,72,146,124,170,3,0,13
40,3788,573,33,50,167,78,76,142,135,169,125,64,319,358,380,98,381,147,86,49,124,110,120,4,0,13
41,3288,418,32,56,172,82,62,118,129,166,102,79,285,336,358,52,297,113,78,35,112,86,115,5,0,13
42,2374,252,32,38,123,56,59,80,110,115,88,36,207,235,275,53,240,93,51,36,71,63,60,1,0,13
43,1597,178,16,16,67,42,36,61,80,88,42,24,134,183,169,35,141,69,40,21,54,50,51,0,0,13
44,1058,120,19,20,58,31,29,35,51,57,27,14,100,102,117,18,85,44,26,12,32,30,31,0,0,13
45,553,55,5,9,25,7,14,25,20,29,16,9,55,67,64,11,47,24,7,7,15,20,22,0,0,13
46,333,32,4,3,14,0,10,17,18,18,3,6,45,44,33,7,21,17,5,1,9,8,18,0,0,13
47,178,19,3,0,2,4,2,6,8,9,4,4,19,20,16,7,16,15,7,1,6,5,5,0,0,13
48,121,10,0,1,4,0,3,4,9,4,3,4,16,18,12,2,8,6,3,2,8,3,1,0,0,13
49,69,1,1,0,1,1,0,4,3,5,3,2,10,13,9,0,3,5,0,3,2,0,3,0,0,13
50,47,1,2,0,0,2,0,2,4,4,1,1,8,5,3,1,1,5,3,1,2,0,1,0,0,13
51,37,4,0,0,0,0,1,0,2,3,1,1,6,3,6,0,1,7,0,1,0,1,0,0,0,13
52,35,2,0,0,1,2,0,0,1,1,1,0,8,5,4,0,0,4,2,1,0,1,2,0,0,13
53,25,2,0,1,0,0,0,0,3,0,0,0,6,4,4,0,0,3,0,0,0,0,2,0,0,13
54,19,1,0,0,0,0,0,0,0,2,0,0,3,1,3,1,3,3,2,0,0,0,0,0,0,13
55,12,2,0,0,0,0,0,0,1,2,0,0,0,3,1,0,0,2,1,0,0,0,0,0,0,13
56,7,0,0,0,0,0,0,0,1,0,0,0,1,0,1,1,1,1,0,1,0,0,0,0,0,13
57,7,0,0,0,0,0,0,0,0,1,0,0,1,2,1,0,1,1,0,0,0,0,0,0,0,13
58,5,0,0,0,0,0,0,0,0,0,0,0,1,1,2,1,0,0,0,0,0,0,0,0,0,13
59,5,0,0,0,1,0,0,0,0,0,0,0,2,1,1,0,0,0,0,0,0,0,0,0,0,13
Ignorado,158,41,1,4,0,7,1,1,1,12,5,1,8,5,2,2,1,3,6,6,1,4,3,3,40,13
Todas las edades,386195,66836,4238,6965,15685,16976,9168,10033,12200,20518,13885,8321,30366,37843,28993,7941,33111,15377,10140,5984,10770,9448,11186,155,56,14
10,3,1,0,0,0,0,0,0,0,0,0,0,0,0,0,0,2,0,0,0,0,0,0,0,0,14
11,13,3,0,0,0,2,0,0,1,0,0,0,3,0,1,0,0,1,0,2,0,0,0,0,0,14
12,46,3,0,0,0,2,0,1,2,3,3,2,2,4,1,0,7,7,4,1,1,3,0,0,0,14
13,317,26,6,6,6,23,7,4,3,16,11,9,28,17,19,6,33,38,20,10,4,11,14,0,0,14
14,1864,182,18,11,32,125,62,27,23,105,70,59,158,176,121,31,190,175,72,45,55,65,62,0,0,14
15,5437,593,68,67,128,337,159,98,77,302,206,134,457,583,414,115,463,408,224,110,172,137,184,1,0,14
16,11002,1320,124,140,322,643,304,227,211,623,439,272,924,1252,763,217,1025,680,379,187,324,288,336,2,0,14
17,16288,2010,196,261,512,856,468,339,413,912,623,369,1360,1784,1235,376,1448,898,548,274,449,419,534,3,1,14
18,18762,2731,234,304,625,922,450,387,502,1069,747,449,1587,1979,1400,418,1706,860,602,269,483,484,553,1,0,14
19,23486,3616,269,398,798,1176,603,573,653,1245,940,527,1988,2441,1687,519,2038,1022,690,376,672,548,698,9,0,14
20,23969,3933,254,413,846,1212,641,573,696,1320,909,541,1927,2378,1726,534,2055,1038,718,357,650,550,688,9,1,14
21,23807,4143,277,430,893,1131,581,569,758,1262,858,550,1931,2210,1754,487,1922,1027,719,411,627,592,666,9,0,14
22,23183,4089,243,402,905,1215,586,565,735,1282,872,562,1772,2187,1660,508,1846,871,630,376,629,532,712,4,0,14
23,22402,3972,233,445,964,1071,527,552,763,1228,815,501,1775,2178,1639,457,1772,796,567,364,625,532,618,8,0,14
24,21675,3951,239,384,962,1045,535,523,733,1253,786,493,1656,2047,1528,409,1716,811,556,369,587,489,592,11,0,14
25,19978,3836,234,384,802,936,443,465,613,1046,750,521,1498,1845,1397,400,1708,712,472,325,521,501,558,11,0,14
26,18830,3605,207,392,831,834,458,454,609,967,709,441,1414,1756,1307,368,1545,623,467,298,526,447,564,8,0,14
27,17463,3357,184,387,738,748,413,453,548,890,631,376,1333,1641,1193,339,1481,615,424,265,531,422,488,6,0,14
28,16322,3119,211,327,722,651,374,483,570,873,567,301,1193,1583,1130,342,1320,607,374,225,473,395,475,7,0,14
29,15560,2996,161,313,692,670,329,401,480,873,580,322,1095,1432,1123,327,1332,525,367,238,453,378,464,8,1,14
30,14170,2817,150,251,636,573,309,367,456,767,537,269,1005,1362,1047,272,1230,463,291,210,368,357,423,10,0,14
31,13523,2663,142,251,625,467,304,396,425,693,464,277,1083,1263,1031,281,1100,447,313,192,405,321,370,10,0,14
32,12079,2409,138,267,542,404,272,376,381,601,361,221,887,1210,786,240,1083,425,282,191,338,330,334,1,0,14
33,10988,2236,100,170,514,371,236,318,360,610,337,234,809,1056,788,224,973,390,222,144,292,288,306,9,1,14
34,9963,1940,106,192,481,325,195,310,350,468,320,167,780,947,818,194,871,340,231,147,272,227,278,4,0,14
35,8757,1688,113,186,401,277,162,268,312,437,251,152,629,858,767,145,827,334,190,110,228,198,219,5,0,14
36,7828,1384,71,128,378,234,163,237,313,353,264,139,626,771,720,150,699,269,174,114,209,204,222,6,0,14
37,6856,1112,62,120,335,202,119,298,267,323,201,98,545,651,674,143,644,232,146,107,199,180,195,3,0,14
38,5407,869,49,88,238,147,118,198,251,242,172,70,453,576,493,114,513,205,118,58,151,130,151,3,0,14
39,4321,627,38,61,194,125,94,142,179,187,131,93,344,431,421,98,451,170,95,55,138,120,125,2,0,14
40,3595,550,39,69,153,88,75,114,134,175,113,62,339,361,391,59,327,99,77,48,124,91,106,1,0,14
41,2821,380,28,45,144,55,62,98,127,143,75,39,262,268,343,61,292,91,40,40,87,71,66,4,0,14
42,2092,261,15,21,110,46,52,78,83,103,64,27,188,211,257,46,196,64,49,23,77,52,69,0,0,14
43,1399,175,14,25,72,27,35,44,71,63,38,21,133,143,150,24,128,51,35,15,44,42,49,0,0,14
44,820,103,6,15,41,14,15,48,43,26,19,11,82,92,83,17,81,27,18,10,18,20,31,0,0,14
45,461,54,4,5,26,8,13,26,24,27,12,4,31,54,48,10,39,21,7,2,13,17,16,0,0,14
46,229,29,1,5,9,4,2,10,11,10,3,3,23,31,29,5,21,10,5,2,7,1,8,0,0,14
47,110,16,1,0,3,0,1,3,7,2,3,1,13,18,12,2,8,8,3,0,3,1,5,0,0,14
48,76,5,1,1,3,0,0,1,5,5,1,1,6,16,11,1,3,6,1,1,5,3,0,0,0,14
49,44,2,0,0,0,1,1,1,3,4,0,1,5,7,2,1,5,4,3,0,3,0,1,0,0,14
50,34,1,0,0,1,1,0,2,2,1,1,0,4,5,7,0,4,2,0,0,2,0,1,0,0,14
51,19,1,0,0,0,0,0,0,1,1,1,0,4,4,3,0,1,1,1,0,0,0,1,0,0,14
52,12,0,0,0,0,0,0,0,1,0,0,0,3,3,2,1,0,0,0,1,0,1,0,0,0,14
53,13,1,0,0,0,0,0,1,1,1,0,0,0,1,2,0,1,1,1,1,1,1,0,0,0,14
54,11,2,0,0,0,2,0,0,1,0,0,0,2,2,0,0,1,0,0,0,0,0,1,0,0,14
55,9,0,0,0,0,0,0,0,1,0,0,0,1,1,3,0,2,0,1,0,0,0,0,0,0,14
56,8,1,0,0,0,1,0,0,0,1,0,0,1,3,0,0,0,0,1,0,0,0,0,0,0,14
57,1,0,0,0,0,0,0,0,0,0,0,0,0,0,1,0,0,0,0,0,0,0,0,0,0,14
58,2,0,0,0,0,0,0,1,0,0,0,0,0,1,0,0,0,0,0,0,0,0,0,0,0,14
59,1,0,0,0,0,0,0,0,0,0,0,0,0,0,1,0,0,0,0,0,0,0,0,0,0,14
Ignorado,139,24,2,1,1,5,0,2,1,6,1,2,7,4,5,0,2,3,3,11,4,0,3,0,52,14
Todas las edades,391425,67471,4057,7292,16042,16830,8834,10507,12443,20838,13818,8510,30832,38669,29490,7953,34605,15111,10326,6115,10967,9340,11239,107,29,15
10,1,0,0,0,0,1,0,0,0,0,0,0,0,0,0,0,0,0,0,0,0,0,0,0,0,15
11,8,0,0,0,0,2,0,0,0,1,1,0,0,1,1,0,0,2,0,0,0,0,0,0,0,15
12,64,3,0,1,1,4,0,1,3,3,2,1,7,6,4,1,5,6,4,3,3,5,1,0,0,15
13,262,20,2,4,1,20,6,1,4,18,11,3,24,17,23,6,26,31,15,8,3,11,7,0,1,15
14,1521,146,15,18,27,102,36,25,30,89,62,35,115,156,110,26,156,146,68,33,34,45,47,0,0,15
15,5091,550,51,62,96,288,135,86,98,281,186,120,412,571,363,127,500,399,225,85,144,138,174,0,0,15
16,10370,1198,109,150,263,590,279,226,248,583,385,264,862,1194,749,245,986,587,347,178,319,283,324,1,0,15
17,15637,1868,170,221,482,821,411,363,378,892,560,388,1400,1738,1170,380,1475,849,494,252,443,410,471,1,0,15
18,18762,2554,208,308,665,959,455,424,509,1079,703,429,1559,2031,1355,410,1823,891,540,307,509,456,587,1,0,15
19,23045,3516,245,390,781,1184,567,570,662,1245,819,594,1902,2453,1737,500,2103,970,659,350,614,548,629,7,0,15
20,24797,3915,263,461,917,1221,620,550,752,1381,1004,606,2078,2416,1797,515,2238,969,702,425,682,555,722,8,0,15
21,24662,4100,278,454,984,1190,603,532,740,1272,967,617,1936,2460,1873,487,2118,938,720,413,664,602,706,8,0,15
22,24276,4140,269,491,1010,1226,531,582,786,1320,941,544,1891,2347,1713,466,2075,951,674,387,664,544,718,5,1,15
23,22507,3858,248,445,925,1083,540,535,720,1184,898,521,1859,2188,1659,460,1859,798,599,359,642,532,586,7,2,15
24,21718,3989,234,422,899,951,501,604,761,1130,785,509,1665,2150,1527,462,1758,756,551,345,577,491,646,4,1,15
25,20939,3837,231,409,951,919,463,577,723,1089,824,516,1568,2002,1433,421,1734,750,528,316,582,469,591,6,0,15
26,19451,3748,233,354,870,837,415,494,641,1079,722,423,1423,1794,1344,371,1670,666,517,296,523,448,579,4,0,15
27,18549,3561,219,394,853,808,404,530,597,1020,621,405,1357,1644,1264,389,1594,625,443,305,525,428,562,1,0,15
28,16619,3257,172,365,751,718,352,461,546,873,529,322,1224,1558,1213,330,1392,576,418,258,441,399,459,5,0,15
29,15566,3046,168,323,642,617,335,444,487,883,501,281,1152,1455,1096,324,1411,566,338,276,444,360,411,6,0,15
30,14621,2906,138,305,628,541,307,397,461,780,518,329,1083,1355,1065,288,1299,473,335,240,424,339,406,4,0,15
31,13507,2711,140,279,586,485,279,382,414,728,427,270,998,1312,1007,259,1174,474,343,186,394,288,358,13,0,15
32,12466,2578,102,239,623,410,236,370,425,647,400,226,942,1139,937,220,1054,446,287,183,344,299,354,5,0,15
33,11139,2220,100,213,502,365,245,366,346,561,351,209,822,1090,818,216,1015,408,236,139,330,255,329,3,0,15
34,10025,1951,91,197,464,298,211,316,325,526,297,185,751,975,783,171,925,332,243,147,312,238,283,4,0,15
35,9031,1792,84,197,385,274,177,291,311,426,257,138,676,849,737,187,838,316,215,142,246,245,245,3,0,15
36,7955,1516,55,152,380,231,163,268,284,393,235,131,643,758,728,145,722,236,144,108,243,198,218,3,1,15
37,6692,1174,44,117,310,193,149,232,278,312,205,121,561,654,651,133,549,205,159,80,198,174,192,1,0,15
38,5934,981,52,79,316,126,102,237,247,318,157,110,500,573,535,110,595,199,114,76,175,152,177,3,0,15
39,4549,753,39,66,200,103,84,179,178,184,138,65,364,498,476,85,426,142,108,66,132,134,128,1,0,15
40,3527,522,42,51,157,94,70,137,149,160,96,48,285,378,391,67,331,119,82,48,114,82,104,0,0,15
41,2780,398,18,28,126,65,56,103,111,128,83,34,245,291,323,52,272,94,85,33,80,70,85,0,0,15
42,2103,279,17,35,100,32,47,90,77,94,65,27,189,236,257,38,211,78,53,20,56,51,51,0,0,15
43,1402,181,10,36,66,23,29,55,60,65,32,18,134,152,156,28,131,38,32,17,52,49,36,2,0,15
44,831,84,3,10,39,22,10,43,43,46,19,12,84,82,102,19,68,35,23,15,19,22,31,0,0,15
45,390,55,4,6,21,12,11,13,21,15,5,4,40,54,35,8,29,9,12,3,14,8,11,0,0,15
46,207,19,3,4,8,5,1,6,9,10,4,3,25,32,21,4,19,6,5,2,6,8,7,0,0,15
47,98,7,0,3,6,2,2,4,6,9,2,0,12,17,13,0,4,4,1,1,3,2,0,0,0,15
48,63,2,0,0,1,3,1,3,4,0,0,2,11,7,13,1,3,5,4,2,0,0,1,0,0,15
49,46,5,0,0,2,0,0,3,2,0,1,0,3,8,1,0,6,5,2,2,4,0,2,0,0,15
50,26,1,0,0,0,0,0,2,1,2,1,0,4,8,0,0,0,4,0,0,2,0,1,0,0,15
51,20,1,0,0,0,0,0,0,1,3,2,0,4,3,2,0,1,1,0,1,0,1,0,0,0,15
52,15,2,0,0,0,0,0,2,0,0,0,0,5,3,0,0,0,1,1,0,1,0,0,0,0,15
53,13,2,0,0,1,1,0,1,0,0,1,0,2,2,0,0,3,0,0,0,0,0,0,0,0,15
54,8,1,0,0,0,0,0,0,1,0,0,0,2,2,0,0,0,0,0,1,1,0,0,0,0,15
55,7,0,0,0,0,0,0,0,1,1,0,0,1,2,0,0,1,0,0,1,0,0,0,0,0,15
56,2,1,0,0,0,0,0,0,0,0,0,0,1,0,0,0,0,0,0,0,0,0,0,0,0,15
57,1,0,0,0,0,0,0,0,0,0,0,0,0,0,0,0,1,0,0,0,0,0,0,0,0,15
58,1,0,0,0,0,0,0,0,0,0,0,0,0,1,0,0,0,0,0,0,0,0,0,0,0,15
59,1,0,0,0,0,0,0,0,0,0,0,0,0,0,0,0,0,1,0,0,0,0,0,0,0,15
Ignorado,120,23,0,3,3,4,1,2,3,8,1,0,11,7,8,2,5,4,0,6,4,1,0,1,23,15
Todas las edades,390382,67192,4044,6734,16563,16266,9063,10351,13113,20774,13349,8144,31880,38078,29490,8187,34340,15474,9800,5443,11375,9303,11246,130,43,16
10,3,0,0,1,0,0,0,0,0,0,0,0,0,0,1,0,1,0,0,0,0,0,0,0,0,16
11,14,0,0,2,0,1,0,0,0,0,3,0,1,1,0,0,1,1,1,1,0,1,1,0,0,16
12,72,7,0,3,1,5,0,2,0,5,1,2,2,6,6,2,6,10,2,2,1,5,4,0,0,16
13,339,42,6,2,2,21,10,7,5,26,16,4,21,19,27,10,40,27,10,6,18,9,11,0,0,16
14,1710,184,14,18,22,93,33,24,28,88,46,51,123,223,139,42,175,134,85,34,48,57,48,1,0,16
15,5547,619,68,70,141,318,157,101,116,326,172,115,445,659,434,131,616,336,168,76,169,148,161,1,0,16
16,10996,1288,127,140,315,585,262,203,229,621,374,241,999,1286,888,283,1087,648,316,166,316,281,341,0,0,16
17,15268,1965,182,244,505,705,409,336,414,843,569,380,1298,1680,1106,373,1446,776,435,210,476,428,486,2,0,16
18,17582,2692,194,282,609,838,480,417,487,958,578,407,1437,1832,1236,408,1640,789,517,225,505,469,579,3,0,16
19,22510,3491,247,358,844,1122,566,485,685,1242,800,492,1843,2328,1661,512,2027,1032,650,315,611,538,652,9,0,16
20,24423,3931,256,404,980,1158,596,562,809,1287,907,539,2023,2425,1841,512,2175,995,713,391,670,572,666,10,1,16
21,25259,4271,259,453,1012,1196,605,578,850,1344,915,553,2058,2431,1833,513,2279,1032,688,383,751,534,713,8,0,16
22,24034,4133,271,436,1023,1119,561,594,807,1234,864,556,1943,2281,1766,496,2011,976,644,356,700,572,686,5,0,16
23,23321,4098,252,417,1057,1009,577,570,804,1302,878,539,1870,2184,1674,475,1918,940,599,324,610,531,685,8,0,16
24,21710,3894,211,403,957,1020,515,553,717,1148,782,516,1834,1970,1597,446,1694,817,510,344,619,555,601,7,0,16
25,20720,3806,219,366,931,913,485,526,757,1154,774,434,1645,1889,1522,402,1705,742,511,296,552,508,576,7,0,16
26,20074,3763,216,393,931,901,475,495,714,1126,677,422,1640,1794,1412,420,1637,732,493,302,553,423,545,10,0,16
27,18411,3544,180,373,773,791,374,524,654,1025,631,392,1488,1687,1274,365,1479,649,464,282,557,401,496,7,1,16
28,17223,3404,160,319,734,679,402,483,590,904,584,330,1334,1612,1242,346,1457,600,432,205,510,399,493,4,0,16
29,15490,3079,158,263,677,544,353,453,533,811,480,330,1181,1425,1086,326,1302,577,377,229,481,357,463,5,0,16
30,14379,2702,166,243,670,546,316,414,538,766,478,267,1172,1331,1029,290,1243,538,330,174,433,332,394,7,0,16
31,13536,2630,152,254,605,516,281,404,506,691,475,259,1086,1238,975,264,1200,462,286,190,406,301,350,5,0,16
32,12047,2246,112,212,567,408,259,383,416,620,421,240,981,1172,921,231,1083,383,270,138,371,279,330,4,0,16
33,11315,2081,110,199,544,350,232,344,402,607,381,182,914,1143,879,222,964,405,228,150,340,287,346,5,0,16
34,9970,1888,103,185,446,297,207,310,341,506,296,164,852,1013,727,199,936,338,199,115,304,245,294,4,1,16
35,9059,1755,64,154,447,243,177,287,285,471,284,175,701,884,706,192,842,329,174,104,277,231,270,7,0,16
36,7989,1426,74,143,371,229,178,297,278,408,230,149,685,759,728,153,721,269,148,93,230,175,243,2,0,16
37,6606,1184,54,100,317,193,143,230,255,286,193,106,535,634,657,134,644,232,129,82,202,133,159,4,0,16
38,5639,933,55,83,301,139,119,188,229,272,140,81,465,560,565,114,558,175,116,64,158,144,179,1,0,16
39,4601,711,41,72,230,108,87,164,198,198,136,64,369,476,445,93,490,160,109,44,157,117,130,2,0,16
40,3408,526,25,45,165,66,61,132,145,170,87,63,299,339,338,83,316,114,56,57,116,97,108,0,0,16
41,2581,336,21,36,146,56,49,109,118,106,79,31,211,264,273,54,241,101,56,35,94,66,98,1,0,16
42,1805,227,23,20,91,35,29,77,83,88,36,21,177,178,229,34,175,63,33,17,60,45,63,1,0,16
43,1210,155,12,20,77,31,31,42,56,62,25,19,100,133,129,30,117,43,19,12,36,27,34,0,0,16
44,683,87,3,11,32,17,16,25,24,42,21,10,65,98,78,14,57,16,10,5,19,18,15,0,0,16
45,361,44,4,7,15,4,14,11,23,16,6,4,33,43,29,7,38,16,5,4,14,8,16,0,0,16
46,168,20,1,1,13,3,3,7,7,7,4,1,18,24,20,4,9,4,7,3,3,6,3,0,0,16
47,87,13,0,0,4,1,0,9,5,0,2,2,7,19,5,3,5,4,1,1,2,2,2,0,0,16
48,39,1,0,0,3,1,1,2,1,3,1,1,6,8,5,1,1,2,0,0,1,1,0,0,0,16
49,27,2,1,0,1,1,0,1,1,2,1,0,1,6,2,1,2,2,2,0,0,1,0,0,0,16
50,20,1,0,1,0,1,0,0,0,0,0,0,3,7,0,0,0,3,0,0,3,0,1,0,0,16
51,13,0,0,0,0,0,0,0,1,2,0,0,2,4,0,0,0,1,1,0,1,0,1,0,0,16
52,8,0,0,0,1,0,0,1,0,0,0,0,2,1,0,0,0,0,1,1,0,0,1,0,0,16
53,4,0,0,0,0,0,0,0,0,1,0,0,0,2,0,0,0,0,1,0,0,0,0,0,0,16
54,7,1,0,0,0,1,0,0,1,0,0,0,0,3,0,0,0,1,0,0,0,0,0,0,0,16
55,3,0,0,1,0,0,0,0,0,0,0,1,0,0,0,0,0,0,1,0,0,0,0,0,0,16
56,2,0,0,0,0,0,0,0,0,0,0,0,1,0,1,0,0,0,0,0,0,0,0,0,0,16
57,4,0,0,0,0,1,0,0,0,0,0,0,0,2,0,0,0,0,0,0,0,0,1,0,0,16
58,3,0,0,0,0,0,0,0,0,0,0,0,2,1,0,0,0,0,0,0,0,0,0,0,0,16
59,1,0,0,0,0,0,0,0,0,0,0,0,1,0,0,0,0,0,0,0,0,0,0,0,0,16
Ignorado,101,12,3,0,3,1,0,1,1,6,2,1,7,4,4,2,2,0,3,7,1,0,1,0,40,16
Todas las edades,381664,66407,3990,6631,15824,16249,8464,10209,12744,20248,13549,8115,30133,37607,28651,7912,33966,14808,9789,5885,10495,8972,10748,194,74,17
10,1,0,0,0,0,0,0,0,0,0,0,0,0,1,0,0,0,0,0,0,0,0,0,0,0,17
11,10,1,0,0,0,0,0,0,0,1,0,0,1,2,0,1,1,1,1,0,0,1,0,0,0,17
12,62,8,1,2,1,3,1,0,0,5,1,3,6,5,2,2,4,6,3,1,0,5,3,0,0,17
13,374,43,4,5,10,19,10,4,4,25,11,6,36,40,16,7,37,31,15,10,15,18,8,0,0,17
14,1574,179,15,17,19,98,42,26,29,71,58,36,149,199,103,22,143,142,76,17,52,41,38,2,0,17
15,4832,570,40,64,109,225,124,84,121,270,166,127,403,614,391,81,490,321,180,74,137,105,132,3,1,17
16,10351,1257,126,144,304,484,252,208,261,588,327,226,914,1209,718,246,1046,644,321,153,305,259,359,0,0,17
17,15705,1999,175,228,493,733,374,329,434,881,519,342,1358,1826,1183,399,1515,859,452,245,432,432,493,2,2,17
18,18889,2710,251,300,642,923,411,441,534,1032,677,420,1573,2085,1350,414,1905,846,521,296,520,450,582,6,0,17
19,22575,3438,264,398,767,1116,564,519,734,1137,834,491,1912,2317,1696,484,2189,931,706,353,575,551,590,9,0,17
20,24023,3958,257,405,947,1163,641,525,762,1248,855,564,1960,2399,1759,495,2196,986,722,360,646,512,650,12,1,17
21,24304,4073,248,441,1005,1150,601,592,765,1360,910,581,1875,2369,1791,526,2191,939,670,367,632,568,639,11,0,17
22,24069,4191,279,426,952,1132,594,593,851,1264,920,520,1865,2360,1718,496,2031,946,660,380,649,575,655,12,0,17
23,22662,3997,231,402,919,1058,525,573,793,1281,900,506,1714,2065,1707,444,1972,819,622,388,571,514,645,15,1,17
24,21649,3987,210,405,963,981,492,539,739,1132,877,521,1642,1933,1557,460,1906,794,549,331,531,501,585,12,2,17
25,19810,3677,224,377,875,929,425,516,710,1088,757,461,1508,1862,1413,395,1510,680,500,339,541,471,544,7,1,17
26,18958,3533,202,361,833,816,409,480,653,1022,698,432,1499,1860,1364,405,1481,680,463,315,478,429,535,9,1,17
27,18024,3465,193,337,799,787,394,448,613,956,692,411,1315,1644,1331,365,1455,641,435,293,499,400,541,9,1,17
28,16444,3332,151,305,758,724,358,422,520,841,588,370,1257,1466,1175,337,1344,583,348,266,456,375,454,14,0,17
29,15502,3084,145,303,753,639,315,464,527,840,530,320,1175,1413,1089,314,1294,515,363,228,439,333,408,11,0,17
30,13919,2749,153,270,598,510,281,413,478,731,439,258,1082,1276,1019,264,1271,467,346,208,390,308,397,11,0,17
31,12769,2536,126,240,535,495,275,402,436,666,438,209,882,1206,949,266,1124,426,280,202,382,289,398,7,0,17
32,11876,2241,120,217,542,437,217,396,415,628,412,217,860,1117,902,239,1049,451,258,176,348,269,355,10,0,17
33,10591,2036,93,182,501,347,182,348,342,564,374,204,824,984,844,212,926,361,194,162,322,269,310,9,1,17
34,9573,1867,87,155,395,325,157,317,346,505,309,168,747,986,757,172,848,326,219,136,286,219,242,4,0,17
35,8697,1745,99,142,422,269,186,279,309,432,255,167,662,856,612,165,766,275,185,121,281,220,246,3,0,17
36,7580,1478,55,127,339,221,116,270,280,400,237,118,594,787,609,156,680,270,168,97,206,184,186,2,0,17
37,6552,1181,62,105,312,170,116,241,244,315,204,119,541,665,542,128,652,189,142,83,194,161,180,6,0,17
38,5405,932,49,87,286,156,98,194,216,253,169,90,426,554,502,105,503,180,112,68,156,124,143,2,0,17
39,4412,725,28,65,235,88,82,154,183,215,125,65,402,422,427,91,425,148,81,59,147,111,134,0,0,17
40,3518,526,36,30,187,93,70,141,166,166,86,46,312,362,360,81,334,110,64,60,102,86,99,1,0,17
41,2586,346,27,29,110,70,56,99,107,132,79,49,232,284,274,46,270,93,42,32,67,68,73,1,0,17
42,1716,247,11,22,78,37,33,84,69,88,46,29,129,161,213,41,168,52,39,21,44,56,46,2,0,17
43,1094,124,8,20,63,21,25,45,45,45,28,19,108,102,129,21,120,38,26,13,35,27,31,1,0,17
44,695,78,10,6,34,12,23,30,29,32,16,12,71,82,74,11,61,27,10,13,21,20,23,0,0,17
45,354,30,6,8,18,5,6,11,16,17,9,3,44,44,33,11,35,7,9,6,17,8,10,1,0,17
46,162,21,1,5,10,3,6,7,5,9,3,3,13,16,15,2,9,5,4,4,7,5,9,0,0,17
47,101,18,2,0,5,3,1,7,3,2,0,1,11,12,7,4,7,7,0,1,2,6,2,0,0,17
48,40,9,0,0,1,0,0,2,2,2,0,0,7,6,5,0,2,2,0,0,1,1,0,0,0,17
49,31,2,0,0,0,0,1,0,0,0,0,0,5,5,4,2,3,6,1,1,1,0,0,0,0,17
50,24,1,1,0,0,0,0,0,0,0,0,0,7,8,4,0,0,1,0,1,0,0,1,0,0,17
51,13,0,0,0,0,0,1,0,1,0,0,0,2,0,3,0,1,1,0,0,4,0,0,0,0,17
52,8,0,0,0,0,0,0,1,0,0,0,1,1,2,0,1,0,1,1,0,0,0,0,0,0,17
53,2,0,0,0,0,0,0,0,0,0,0,0,1,0,1,0,0,0,0,0,0,0,0,0,0,17
54,3,0,0,0,0,0,0,1,0,0,0,0,1,0,1,0,0,0,0,0,0,0,0,0,0,17
55,2,0,0,0,0,0,0,0,0,0,0,0,0,1,1,0,0,0,0,0,0,0,0,0,0,17
56,3,0,0,0,0,0,0,0,1,1,0,0,0,0,0,0,1,0,0,0,0,0,0,0,0,17
57,1,0,0,0,0,0,0,0,1,0,0,0,0,0,0,0,0,0,0,0,0,0,0,0,0,17
58,1,1,0,0,0,0,0,0,0,0,0,0,0,0,0,0,0,0,0,0,0,0,0,0,0,17
Ignorado,118,12,0,1,4,7,0,4,0,3,0,0,7,0,1,1,1,1,1,5,4,1,2,0,63,17
Todas las edades,383263,64735,3920,6545,15540,16321,8228,10168,12945,20050,13623,8236,29426,38156,30168,8030,34819,15427,10130,5835,10698,9305,10536,339,83,18
10,2,0,0,0,0,0,0,0,0,0,0,0,0,0,0,1,1,0,0,0,0,0,0,0,0,18
11,10,1,0,0,0,2,0,1,0,0,0,0,0,2,0,0,1,0,1,0,1,1,0,0,0,18
12,79,7,0,1,1,4,0,0,1,2,6,1,5,11,6,2,9,12,0,0,2,5,4,0,0,18
13,339,36,3,2,4,17,13,6,6,19,9,8,28,47,22,6,34,28,22,5,7,9,7,1,0,18
14,1574,194,11,21,31,67,41,33,32,78,54,23,131,213,120,22,155,124,70,21,45,53,34,0,1,18
15,4894,529,41,67,103,240,121,97,94,274,154,94,423,669,387,101,518,329,154,75,151,150,121,2,0,18
16,9971,1133,113,153,271,449,219,191,259,590,361,208,817,1209,848,207,1036,568,328,161,307,277,263,3,0,18
17,15298,1845,146,226,438,719,310,334,432,807,517,332,1283,1846,1256,367,1701,708,475,279,435,411,427,4,0,18
18,19707,2683,195,279,627,938,485,436,570,1013,722,426,1646,2098,1566,435,2088,970,610,321,556,498,531,14,0,18
19,22745,3306,265,390,836,1061,554,506,636,1204,896,532,1796,2487,1705,514,2179,987,692,334,636,582,635,12,0,18
20,24301,3748,245,389,902,1148,593,575,739,1241,909,545,1940,2489,1868,512,2382,1073,689,409,672,570,644,19,0,18
21,23983,3768,272,392,928,1124,561,526,803,1274,979,580,1868,2383,1859,531,2213,1019,659,361,661,554,647,21,0,18
22,23833,3979,279,398,973,1127,575,591,842,1209,944,541,1860,2311,1790,488,2139,923,686,346,619,550,641,22,0,18
23,23094,4049,261,411,911,1104,520,582,808,1222,902,554,1713,2121,1670,467,2069,924,653,362,587,554,635,15,0,18
24,21914,3838,222,382,926,1023,448,558,759,1139,863,497,1632,2047,1759,480,1862,832,595,326,593,527,582,23,1,18
25,20178,3645,203,368,841,919,421,531,760,1078,742,467,1470,1784,1560,438,1691,817,546,306,542,472,563,14,0,18
26,19035,3474,202,374,810,893,389,485,666,1031,669,417,1442,1807,1460,374,1495,683,465,277,543,490,571,18,0,18
27,17906,3301,200,376,795,807,376,496,671,952,622,399,1328,1733,1329,332,1446,600,431,283,494,422,497,16,0,18
28,16921,3287,151,312,726,753,365,474,597,923,604,379,1202,1599,1228,342,1400,576,387,282,448,381,480,25,0,18
29,15385,3086,164,287,666,601,303,413,513,845,527,315,1036,1411,1207,337,1244,577,393,247,420,333,444,16,0,18
30,14315,2745,147,261,655,554,274,389,519,761,489,299,1071,1310,1084,309,1194,511,342,202,438,342,405,14,0,18
31,12754,2437,129,232,590,459,278,401,455,641,396,273,958,1228,986,257,1036,498,278,188,361,311,352,10,0,18
32,11819,2284,132,208,518,427,222,365,420,632,384,228,878,1044,902,247,1063,413,269,191,345,298,332,17,0,18
33,10726,2105,112,159,506,363,186,336,379,606,338,208,799,1026,854,196,927,395,242,154,298,235,291,10,1,18
34,9511,1774,75,197,470,319,171,291,352,492,298,176,683,905,812,178,883,319,226,152,265,213,253,7,0,18
35,8492,1640,77,140,362,267,187,286,310,412,241,166,650,810,709,151,765,301,185,104,270,217,231,11,0,18
36,7445,1425,56,132,329,230,133,255,244,382,251,133,544,771,586,170,692,254,167,94,213,165,208,11,0,18
37,6571,1217,62,114,313,211,140,217,236,312,201,113,453,646,557,128,639,250,148,90,198,163,154,9,0,18
38,5452,970,41,89,259,154,73,199,198,243,166,85,396,562,537,99,501,209,124,78,167,129,172,1,0,18
39,4449,762,40,63,211,104,76,157,172,210,126,65,393,474,459,89,410,152,86,59,124,108,106,3,0,18
40,3544,537,32,39,178,78,68,135,151,145,85,65,317,336,370,88,359,120,80,44,101,102,108,6,0,18
41,2675,382,15,34,135,65,41,124,119,122,62,49,238,292,249,55,281,99,48,36,71,69,79,10,0,18
42,1718,219,14,17,88,31,33,73,71,84,56,28,146,187,166,57,198,49,41,22,50,46,40,2,0,18
43,1140,147,6,19,69,30,26,47,54,40,21,14,103,145,116,29,100,54,12,11,33,30,33,1,0,18
44,667,88,4,3,35,14,12,34,40,29,16,8,71,73,69,10,52,25,12,2,18,27,24,1,0,18
45,331,36,3,6,18,6,9,13,19,21,7,4,35,35,36,6,25,12,5,4,16,5,10,0,0,18
46,170,13,2,2,7,6,1,4,9,8,4,3,24,18,20,3,18,4,5,3,5,4,7,0,0,18
47,65,10,0,0,4,1,2,0,0,1,0,1,19,5,6,0,3,5,1,0,2,2,3,0,0,18
48,36,7,0,0,1,1,0,4,3,3,1,0,8,3,3,0,0,1,1,0,0,0,0,0,0,18
49,31,1,0,0,2,0,1,1,0,1,0,0,4,8,3,0,3,3,0,1,1,0,2,0,0,18
50,12,3,0,0,0,2,0,1,0,0,0,0,1,0,0,0,3,1,0,0,1,0,0,0,0,18
51,11,1,0,1,0,0,0,0,1,0,0,0,2,4,0,0,0,1,0,0,1,0,0,0,0,18
52,9,3,0,0,0,0,0,0,1,0,0,0,0,3,0,0,1,0,0,1,0,0,0,0,0,18
53,4,0,0,0,0,0,0,1,1,1,0,0,1,0,0,0,0,0,0,0,0,0,0,0,0,18
54,3,0,0,0,0,0,0,0,0,0,0,0,0,1,1,0,0,0,0,0,1,0,0,0,0,18
55,1,0,0,0,0,0,0,0,0,0,0,0,0,0,0,0,1,0,0,0,0,0,0,0,0,18
57,1,0,0,0,0,0,0,0,0,0,0,0,0,0,1,0,0,0,0,0,0,0,0,0,0,18
58,2,0,0,0,0,0,0,0,1,0,0,0,1,0,0,0,0,0,0,0,0,0,0,0,0,18
59,1,0,0,0,0,0,0,0,0,0,0,0,0,0,1,0,0,0,0,0,0,0,0,0,0,18
Ignorado,139,20,0,1,1,3,1,0,2,3,1,0,11,3,1,2,2,1,2,4,0,0,0,1,80,18
Todas las edades,366855,59563,3709,6341,15192,15437,8024,10021,12507,19461,13252,7752,27460,36881,29288,7831,34614,14851,9393,5460,10123,8931,10357,339,68,19
11,11,1,0,0,0,2,0,0,0,1,1,0,0,1,0,0,1,1,1,0,1,1,0,0,0,19
12,60,6,2,1,1,3,1,1,3,4,1,1,5,5,2,2,9,4,2,2,3,0,2,0,0,19
13,351,26,1,3,7,30,5,3,6,18,11,11,22,46,33,7,42,26,12,4,13,17,8,0,0,19
14,1492,142,11,27,31,64,26,28,25,75,55,35,122,183,137,38,175,129,40,27,56,34,31,0,1,19
15,4309,446,41,52,95,196,87,67,109,285,130,95,362,599,300,86,482,287,150,50,132,134,122,2,0,19
16,9220,966,81,130,247,432,221,182,212,477,266,200,817,1168,730,176,1101,581,294,125,282,270,256,3,3,19
17,13680,1514,130,198,420,617,297,268,398,757,451,304,1136,1674,1175,318,1607,668,449,194,381,346,370,4,4,19
18,18410,2416,193,299,618,920,444,407,532,955,643,393,1463,2010,1460,420,2070,880,594,283,463,417,519,11,0,19
19,22365,3141,267,362,784,1066,552,504,626,1158,816,465,1651,2477,1793,514,2380,1011,646,339,639,564,597,13,0,19
20,22838,3309,231,394,888,1066,521,558,701,1206,873,503,1731,2411,1759,499,2284,968,702,345,641,578,658,12,0,19
21,23191,3518,241,408,888,1073,553,603,672,1169,924,534,1757,2361,1857,489,2178,1043,655,396,628,587,639,18,0,19
22,22910,3578,252,380,946,1050,511,576,754,1214,908,554,1676,2276,1792,541,2137,960,638,359,578,563,656,11,0,19
23,22069,3626,227,390,915,994,526,570,782,1132,911,543,1618,2096,1728,453,2055,871,586,339,544,554,598,11,0,19
24,21051,3546,224,352,891,947,486,527,751,1095,843,474,1599,1928,1657,434,1849,790,598,330,590,501,617,22,0,19
25,19968,3341,182,369,861,898,446,494,726,1083,801,435,1455,1899,1612,428,1732,789,517,312,533,470,570,14,1,19
26,18464,3322,209,330,817,807,416,518,692,1053,711,410,1347,1647,1397,328,1610,719,406,288,518,399,500,20,0,19
27,17139,3031,177,339,798,759,390,489,628,941,647,379,1288,1538,1331,397,1341,631,395,246,448,429,495,21,1,19
28,16156,2959,176,304,727,720,292,469,661,864,591,366,1143,1564,1268,317,1288,521,370,256,442,376,464,18,0,19
29,15292,2853,172,278,709,641,319,432,578,821,553,321,1066,1411,1170,323,1267,547,361,230,400,353,461,26,0,19
30,13782,2675,154,269,626,549,289,419,535,708,467,267,977,1260,1070,266,1160,476,277,222,352,327,418,18,1,19
31,12800,2396,131,244,630,473,276,393,452,684,432,226,917,1262,932,280,1129,437,283,204,371,256,373,19,0,19
32,11140,2189,95,217,498,392,222,347,387,611,333,203,767,1054,873,228,968,393,250,145,320,285,345,18,0,19
33,10156,1871,115,171,476,345,217,328,344,549,372,171,725,1007,825,210,908,351,220,130,291,225,294,10,1,19
34,9335,1792,85,166,416,291,186,297,334,494,325,175,666,876,776,197,877,347,173,121,264,228,231,18,0,19
35,8037,1493,70,145,364,256,163,311,271,448,231,156,592,810,640,160,745,277,150,103,231,181,235,5,0,19
36,7263,1303,57,124,336,231,139,248,300,394,231,102,499,722,626,154,705,249,138,86,211,193,207,8,0,19
37,6084,1068,43,90,294,160,118,207,218,345,184,109,462,620,448,139,630,224,117,84,181,174,160,9,0,19
38,5166,914,39,83,252,140,89,179,210,253,164,95,414,504,461,117,476,186,103,68,150,120,145,4,0,19
39,4233,734,32,64,204,109,68,158,179,195,127,74,313,419,405,94,402,158,75,51,135,101,127,9,0,19
40,3282,517,27,67,127,71,59,139,124,171,89,48,283,332,352,67,329,97,62,33,118,78,90,2,0,19
41,2431,358,13,37,117,42,35,113,105,123,64,32,241,278,228,53,263,83,38,27,74,53,51,3,0,19
42,1789,242,15,18,96,48,29,80,88,93,41,26,142,176,174,45,184,74,42,26,57,42,48,3,0,19
43,1053,129,10,18,50,19,20,46,43,35,25,23,92,119,116,18,112,27,28,15,37,39,31,1,0,19
44,606,74,3,4,35,15,13,28,35,24,16,8,50,53,83,19,54,19,6,7,21,14,23,2,0,19
45,309,24,2,7,20,5,4,15,13,5,9,5,31,39,33,6,39,12,10,4,6,13,6,1,0,19
46,138,11,1,0,4,2,1,9,7,12,2,5,6,24,18,3,13,4,1,3,2,5,4,1,0,19
47,82,8,0,0,2,0,3,3,4,4,1,1,6,16,16,4,5,1,2,0,3,2,1,0,0,19
48,42,8,0,0,1,1,0,3,0,3,0,1,4,9,3,0,2,4,0,2,1,0,0,0,0,19
49,23,2,0,0,0,1,0,0,0,1,0,0,4,3,5,1,1,1,1,0,2,0,1,0,0,19
50,9,1,0,0,0,0,0,1,0,0,1,1,0,1,0,0,1,1,0,0,2,0,0,0,0,19
51,11,1,0,0,0,0,0,0,0,0,1,0,3,1,2,0,0,2,0,0,0,0,1,0,0,19
52,6,0,0,1,0,0,0,0,1,0,0,0,1,0,1,0,0,1,0,0,0,0,1,0,0,19
53,4,0,0,0,0,0,0,0,0,0,0,0,0,1,0,0,1,0,0,0,2,0,0,0,0,19
54,2,0,0,0,0,0,0,0,0,0,0,0,0,0,0,0,0,0,0,0,0,2,0,0,0,19
55,1,0,0,0,0,0,0,1,0,0,0,0,0,0,0,0,0,0,0,0,0,0,0,0,0,19
56,1,1,0,0,0,0,0,0,0,0,0,0,0,0,0,0,0,0,0,0,0,0,0,0,0,19
57,1,0,0,0,0,0,0,0,0,0,0,0,0,0,0,0,1,0,0,0,0,0,0,0,0,19
59,1,0,0,0,0,0,0,0,0,0,0,0,1,0,0,0,0,0,0,0,0,0,0,0,0,19
Ignorado,92,11,0,0,1,2,0,0,1,1,1,1,6,1,0,0,1,1,1,4,0,0,2,2,56,19
Todas las edades,341212,54807,3560,6064,14090,14102,7696,9373,11838,17911,12066,7075,26191,33839,28045,7274,31582,13358,8919,5000,9693,8457,9936,223,113,20
11,6,0,0,0,0,0,0,0,0,0,1,1,0,0,1,0,0,2,0,0,0,1,0,0,0,20
12,45,4,0,1,1,0,4,0,1,1,0,0,5,3,7,0,6,7,1,0,1,0,2,0,1,20
13,298,25,4,4,6,18,4,5,5,22,6,3,32,39,18,5,30,26,7,9,10,11,8,0,1,20
14,1229,118,14,11,13,58,26,15,28,66,47,21,103,178,109,35,136,74,49,21,26,49,31,1,0,20
15,3881,350,44,34,86,169,72,71,82,223,124,74,338,525,364,90,471,234,152,60,109,108,101,0,0,20
16,8097,820,78,91,193,384,185,158,210,432,236,179,711,1072,739,166,955,440,267,129,219,205,225,3,0,20
17,12051,1258,123,189,359,533,280,259,286,615,391,212,1040,1535,1048,285,1425,602,374,180,384,356,312,3,2,20
18,16152,1991,168,255,508,764,370,349,484,794,559,351,1277,1785,1344,353,1858,717,540,248,503,465,463,5,1,20
19,20229,2727,223,373,748,950,504,473,563,959,797,430,1517,2078,1702,456,2227,881,609,308,581,557,556,8,2,20
20,21980,3062,256,363,814,1029,545,500,718,1072,859,495,1654,2249,1783,483,2258,1004,655,365,623,555,630,8,0,20
21,21848,3228,245,399,856,1001,518,526,691,1072,874,481,1715,2257,1771,478,2041,921,608,355,644,514,642,7,4,20
22,21300,3108,220,396,828,981,510,495,637,1060,872,501,1639,2093,1768,457,1971,907,657,349,620,582,641,6,2,20
23,20701,3202,228,367,851,945,517,515,746,1063,777,445,1507,2027,1719,479,1854,883,608,329,524,474,632,6,3,20
24,19781,3200,221,405,859,854,481,526,715,1028,736,465,1504,1810,1565,451,1791,746,490,317,565,482,552,16,2,20
25,18999,3140,183,363,823,802,450,528,722,1039,733,419,1378,1795,1459,391,1648,740,483,276,576,437,601,10,3,20
26,18004,3080,193,338,777,814,412,458,674,968,702,437,1383,1640,1391,368,1536,642,474,267,476,441,519,11,3,20
27,16503,3024,158,295,750,661,365,439,674,899,622,378,1247,1436,1327,338,1321,580,404,215,406,408,533,15,8,20
28,14839,2702,173,305,634,605,369,439,549,845,523,264,1160,1346,1195,273,1178,495,323,182,400,397,470,11,1,20
29,14056,2605,142,247,651,614,302,436,555,791,439,286,1061,1307,1167,263,1112,456,310,210,370,295,413,19,5,20
30,13152,2616,129,242,629,483,279,423,492,788,441,260,941,1189,992,287,1050,440,285,153,355,280,386,11,1,20
31,11707,2329,134,200,550,410,219,359,456,662,420,238,850,1054,918,240,958,403,238,141,319,268,334,6,1,20
32,10545,2065,108,197,485,358,209,357,394,557,325,193,765,969,861,213,849,351,252,144,326,260,297,10,0,20
33,9520,1830,88,183,447,343,174,328,328,505,283,186,728,906,787,171,843,310,192,137,282,209,253,6,1,20
34,8297,1563,87,150,418,265,171,277,293,458,265,134,616,738,635,189,736,284,189,113,249,210,244,12,1,20
35,7670,1460,79,135,354,247,173,279,308,413,211,139,568,721,616,131,680,263,168,99,211,180,229,6,0,20
36,6675,1258,60,128,310,200,120,254,233,370,189,114,495,668,575,149,579,221,134,89,191,141,184,10,3,20
37,5720,1045,60,102,256,165,106,227,220,315,170,92,470,532,494,145,508,179,107,69,161,138,150,9,0,20
38,4804,881,37,81,249,141,95,192,173,260,111,74,369,498,399,93,406,162,97,54,156,122,144,8,2,20
39,3977,707,37,72,185,119,76,149,175,205,104,70,304,395,320,86,372,117,75,57,140,97,109,6,0,20
40,3098,506,23,52,135,70,64,124,114,143,84,49,283,327,308,67,263,98,66,44,103,78,92,5,0,20
41,2290,357,17,36,125,46,42,85,127,121,63,32,197,254,226,50,216,48,36,23,69,47,70,3,0,20
42,1588,261,15,21,82,30,23,48,74,78,48,25,131,162,191,30,137,49,27,17,42,45,50,2,0,20
43,995,154,8,15,56,24,13,34,61,40,28,11,78,128,118,27,73,29,13,20,21,24,20,0,0,20
44,542,65,2,3,27,8,6,20,25,24,15,11,66,52,62,12,51,25,16,9,14,11,18,0,0,20
45,268,31,1,5,14,7,7,10,12,11,10,2,25,30,28,8,23,11,8,5,4,4,12,0,0,20
46,139,19,2,3,5,2,3,7,6,5,0,1,16,19,15,3,10,4,2,1,5,4,7,0,0,20
47,64,5,0,1,3,1,2,3,6,2,1,1,4,8,11,1,6,2,1,1,2,0,3,0,0,20
48,30,0,0,0,2,1,0,2,0,3,0,0,5,2,3,0,3,1,1,0,4,1,2,0,0,20
49,20,3,0,0,1,0,0,2,0,0,0,0,3,4,2,1,1,1,0,1,0,0,1,0,0,20
50,7,2,0,0,0,0,0,0,0,0,0,1,0,1,1,0,0,2,0,0,0,0,0,0,0,20
51,4,1,0,0,0,0,0,1,1,0,0,0,0,0,1,0,0,0,0,0,0,0,0,0,0,20
52,5,0,0,0,0,0,0,0,0,0,0,0,2,1,2,0,0,0,0,0,0,0,0,0,0,20
53,4,0,0,0,0,0,0,0,0,1,0,0,1,1,0,0,0,0,0,0,1,0,0,0,0,20
54,2,1,0,0,0,0,0,0,0,0,0,0,0,0,1,0,0,0,0,0,0,0,0,0,0,20
55,4,0,0,0,0,0,0,0,0,0,0,0,0,2,1,0,0,1,0,0,0,0,0,0,0,20
56,2,0,0,0,0,0,0,0,0,0,0,0,1,0,1,0,0,0,0,0,0,0,0,0,0,20
57,2,0,0,2,0,0,0,0,0,0,0,0,0,0,0,0,0,0,0,0,0,0,0,0,0,20
58,1,0,0,0,0,0,0,0,0,0,0,0,0,1,0,0,0,0,0,0,0,0,0,0,0,20
Ignorado,81,4,0,0,0,0,0,0,0,1,0,0,2,2,0,0,0,0,1,3,1,1,0,0,66,20
Todas las edades,345149,51191,3405,5813,14151,14189,7509,9602,12128,17875,12264,6908,26241,35558,29303,7458,33326,14095,9089,5376,10388,8707,10170,328,75,21
11,6,0,0,0,0,0,0,0,0,0,0,0,1,0,0,1,3,1,0,0,0,0,0,0,0,21
12,52,5,0,1,1,2,0,0,1,2,1,0,5,5,6,0,6,9,3,2,1,1,1,0,0,21
13,340,31,1,9,5,9,9,7,7,14,5,6,31,45,23,4,44,34,14,11,10,11,9,1,0,21
14,1407,95,11,12,28,56,36,20,26,63,39,21,112,221,122,36,190,116,67,28,36,40,31,1,0,21
15,4001,295,34,36,92,185,97,76,91,194,105,75,367,602,350,93,503,249,148,65,115,122,101,3,3,21
16,8489,715,91,98,214,385,194,157,198,407,232,180,781,1181,798,184,1050,464,333,132,215,221,247,9,3,21
17,12261,1152,117,143,384,474,284,244,344,599,412,242,1079,1745,1087,280,1423,551,411,213,375,350,341,11,0,21
18,16437,1730,139,243,549,764,394,359,473,804,536,361,1319,1937,1470,345,1908,780,548,283,578,434,478,5,0,21
19,19543,2291,214,316,724,975,487,415,579,990,690,371,1509,2138,1668,407,2205,901,635,329,595,525,564,14,1,21
20,21432,2730,205,356,756,1029,473,520,668,987,821,457,1537,2333,1821,532,2369,970,658,369,666,550,609,16,0,21
21,22101,3008,242,381,877,1038,527,538,685,1048,842,456,1639,2325,1861,505,2224,968,632,382,678,578,656,10,1,21
22,21162,2937,244,367,844,988,525,526,725,1073,835,440,1558,2190,1679,484,1973,923,601,346,641,583,669,11,0,21
23,20694,3005,225,343,840,910,470,533,711,1013,855,468,1548,2010,1768,430,1972,917,588,346,619,495,612,12,4,21
24,19614,2939,207,336,855,850,452,518,701,1052,779,426,1413,1900,1683,445,1777,796,525,320,547,479,599,14,1,21
25,19309,3063,174,327,815,838,389,548,745,984,811,414,1444,1835,1585,374,1758,761,520,291,583,471,563,16,0,21
26,18174,2863,193,323,822,764,410,494,708,959,730,413,1330,1672,1463,412,1646,732,442,276,554,439,514,15,0,21
27,16639,2701,156,307,747,694,356,482,719,907,671,362,1191,1516,1367,352,1464,644,383,249,461,374,516,19,1,21
28,15509,2700,151,269,665,628,328,438,557,905,577,322,1149,1374,1253,339,1320,589,365,233,471,365,489,21,1,21
29,14052,2421,133,266,622,525,300,438,540,775,517,281,1077,1307,1168,291,1153,523,303,213,412,336,437,14,0,21
30,13274,2444,133,242,628,523,273,419,495,718,420,234,1014,1282,1080,272,1091,409,277,181,388,328,403,20,0,21
31,12283,2196,133,255,554,488,247,381,508,698,376,225,899,1065,1054,265,1032,476,260,156,366,289,341,18,1,21
32,10868,2012,112,197,497,370,187,381,405,617,357,190,853,992,859,209,920,378,223,171,295,290,341,12,0,21
33,9823,1864,92,159,453,323,191,346,367,510,305,206,690,976,772,201,839,382,199,129,305,221,284,8,1,21
34,8561,1491,66,134,391,292,164,278,329,482,260,150,623,873,722,160,767,290,192,137,272,214,254,19,1,21
35,7715,1347,63,158,358,226,172,279,282,427,222,121,621,761,682,154,718,228,168,99,225,177,219,8,0,21
36,6951,1246,62,129,294,225,115,232,238,362,196,103,536,719,615,138,668,223,129,113,224,173,198,13,0,21
37,5931,1048,66,94,267,156,108,201,234,337,169,104,428,609,561,118,545,176,128,93,168,157,158,6,0,21
38,4958,797,47,82,220,126,98,215,198,256,143,99,373,532,464,125,454,171,93,63,140,107,151,4,0,21
39,4028,630,36,67,189,121,66,154,172,247,99,52,310,398,352,88,394,130,72,51,154,119,121,6,0,21
40,3188,545,13,57,162,94,53,137,126,147,75,41,228,338,275,76,324,105,44,36,95,93,115,9,0,21
41,2412,362,17,44,104,55,39,97,113,126,80,42,204,233,251,55,249,67,46,24,77,69,56,2,0,21
42,1668,228,12,32,78,35,31,79,72,75,37,20,145,190,191,39,160,64,28,11,58,38,41,4,0,21
43,1010,157,9,19,54,26,16,38,49,44,21,13,103,92,112,23,87,27,29,8,26,30,25,2,0,21
44,562,73,2,6,33,5,12,26,37,16,24,5,55,75,65,5,45,16,12,10,14,14,11,1,0,21
45,308,34,4,2,11,6,5,12,17,20,9,4,30,40,27,11,26,13,3,0,13,6,13,2,0,21
46,155,16,1,0,11,0,0,8,7,4,9,1,16,19,24,2,15,3,4,3,5,4,3,0,0,21
47,72,4,0,3,4,2,1,4,1,7,1,1,9,9,10,1,2,3,2,1,6,1,0,0,0,21
48,28,4,0,0,1,0,0,1,0,4,1,1,3,7,2,2,0,1,0,0,0,1,0,0,0,21
49,14,2,0,0,0,0,0,0,0,1,0,0,1,3,4,0,1,2,0,0,0,0,0,0,0,21
50,10,0,0,0,1,0,0,1,0,0,0,0,3,2,2,0,0,0,0,0,0,1,0,0,0,21
51,4,0,0,0,0,0,0,0,0,0,0,0,1,1,2,0,0,0,0,0,0,0,0,0,0,21
52,6,0,0,0,1,0,0,0,0,0,0,1,0,1,1,0,0,1,0,0,0,1,0,0,0,21
53,4,0,0,0,0,0,0,0,0,0,0,0,0,0,1,0,1,2,0,0,0,0,0,0,0,21
54,5,1,0,0,0,0,0,0,0,0,0,0,2,0,1,0,0,0,1,0,0,0,0,0,0,21
55,3,1,0,0,0,0,0,0,0,0,0,0,0,1,1,0,0,0,0,0,0,0,0,0,0,21
56,2,0,0,0,0,0,0,0,0,0,0,0,0,0,1,0,0,0,0,0,0,0,0,1,0,21
57,1,0,0,0,0,0,0,0,0,0,0,0,1,0,0,0,0,0,0,0,0,0,0,0,0,21
58,1,0,0,0,0,0,0,0,0,0,0,0,0,1,0,0,0,0,0,0,0,0,0,0,0,21
Ignorado,82,8,0,0,0,2,0,0,0,1,2,0,3,3,0,0,0,0,3,2,0,0,0,1,57,21
